"","Country area or territory","Surveillance site type","Year-week (ISO 8601 calendar)","Week start date (ISO 8601 calendar)","Specimen tested","Influenza positive","Influenza negative","A (H3)","A not subtyped"
"1","United Kingdom, England","Non-sentinel","2013-40",2013-09-30,7,3,0,0,3
"2","United Kingdom, England","Non-sentinel","2013-41",2013-10-07,4,3,0,2,1
"3","United Kingdom, England","Non-sentinel","2013-42",2013-10-14,4,3,0,1,2
"4","United Kingdom, England","Non-sentinel","2013-43",2013-10-21,4,4,0,0,4
"5","United Kingdom, England","Non-sentinel","2013-44",2013-10-28,8,7,0,3,4
"6","United Kingdom, England","Non-sentinel","2013-45",2013-11-04,16,12,0,10,2
"7","United Kingdom, England","Non-sentinel","2013-46",2013-11-11,11,4,0,1,3
"8","United Kingdom, England","Non-sentinel","2013-47",2013-11-18,9,4,0,0,4
"9","United Kingdom, England","Non-sentinel","2013-48",2013-11-25,18,6,0,0,6
"10","United Kingdom, England","Non-sentinel","2013-49",2013-12-02,10,6,0,1,5
"11","United Kingdom, England","Non-sentinel","2013-50",2013-12-09,18,17,0,2,15
"12","United Kingdom, England","Non-sentinel","2013-51",2013-12-16,24,16,0,3,13
"13","United Kingdom, England","Non-sentinel","2013-52",2013-12-23,23,19,0,4,15
"14","United Kingdom, England","Non-sentinel","2014-01",2013-12-30,59,47,0,3,44
"15","United Kingdom, England","Non-sentinel","2014-02",2014-01-06,55,42,0,1,41
"16","United Kingdom, England","Non-sentinel","2014-03",2014-01-13,79,63,0,4,59
"17","United Kingdom, England","Non-sentinel","2014-04",2014-01-20,71,47,0,3,44
"18","United Kingdom, England","Non-sentinel","2014-05",2014-01-27,110,94,0,12,82
"19","United Kingdom, England","Non-sentinel","2014-06",2014-02-03,152,115,0,8,107
"20","United Kingdom, England","Non-sentinel","2014-07",2014-02-10,153,117,0,6,111
"21","United Kingdom, England","Non-sentinel","2014-08",2014-02-17,161,117,0,4,113
"22","United Kingdom, England","Non-sentinel","2014-09",2014-02-24,215,185,0,9,176
"23","United Kingdom, England","Non-sentinel","2014-10",2014-03-03,170,138,0,12,126
"24","United Kingdom, England","Non-sentinel","2014-11",2014-03-10,194,163,0,4,159
"25","United Kingdom, England","Non-sentinel","2014-12",2014-03-17,144,122,0,3,119
"26","United Kingdom, England","Non-sentinel","2014-13",2014-03-24,119,95,0,2,93
"27","United Kingdom, England","Non-sentinel","2014-14",2014-03-31,102,85,0,7,78
"28","United Kingdom, England","Non-sentinel","2014-15",2014-04-07,94,79,0,2,77
"29","United Kingdom, England","Non-sentinel","2014-16",2014-04-14,37,32,0,2,30
"30","United Kingdom, England","Non-sentinel","2014-17",2014-04-21,62,43,0,1,42
"31","United Kingdom, England","Non-sentinel","2014-18",2014-04-28,56,35,0,4,31
"32","United Kingdom, England","Non-sentinel","2014-19",2014-05-05,30,27,0,0,27
"33","United Kingdom, England","Non-sentinel","2014-20",2014-05-12,25,19,0,2,17
"34","United Kingdom, England","Non-sentinel","2014-40",2014-09-29,5,3,0,0,3
"35","United Kingdom, England","Non-sentinel","2014-41",2014-10-06,3,2,0,1,1
"36","United Kingdom, England","Non-sentinel","2014-42",2014-10-13,8,6,0,2,4
"37","United Kingdom, England","Non-sentinel","2014-43",2014-10-20,7,5,0,0,5
"38","United Kingdom, England","Non-sentinel","2014-44",2014-10-27,12,7,0,1,6
"39","United Kingdom, England","Non-sentinel","2014-45",2014-11-03,9,8,0,2,6
"40","United Kingdom, England","Non-sentinel","2014-46",2014-11-10,14,11,0,5,6
"41","United Kingdom, England","Non-sentinel","2014-47",2014-11-17,9,6,0,0,6
"42","United Kingdom, England","Non-sentinel","2014-48",2014-11-24,14,13,0,4,9
"43","United Kingdom, England","Non-sentinel","2014-49",2014-12-01,31,30,0,2,28
"44","United Kingdom, England","Non-sentinel","2014-50",2014-12-08,27,27,0,3,24
"45","United Kingdom, England","Non-sentinel","2015-40",2015-09-28,14,8,0,3,5
"46","United Kingdom, England","Non-sentinel","2015-41",2015-10-05,31,23,0,2,21
"47","United Kingdom, England","Non-sentinel","2015-42",2015-10-12,18,6,0,0,6
"48","United Kingdom, England","Non-sentinel","2015-43",2015-10-19,15,6,0,1,5
"49","United Kingdom, England","Non-sentinel","2015-44",2015-10-26,21,13,0,1,12
"50","United Kingdom, England","Non-sentinel","2015-45",2015-11-02,20,16,0,0,16
"51","United Kingdom, England","Non-sentinel","2015-46",2015-11-09,22,10,0,2,8
"52","United Kingdom, England","Non-sentinel","2015-47",2015-11-16,20,13,0,1,12
"53","United Kingdom, England","Non-sentinel","2015-48",2015-11-23,22,10,0,0,10
"54","United Kingdom, England","Non-sentinel","2015-49",2015-11-30,37,23,0,0,23
"55","United Kingdom, England","Non-sentinel","2015-50",2015-12-07,34,16,0,0,16
"56","United Kingdom, England","Non-sentinel","2015-51",2015-12-14,85,60,0,1,59
"57","United Kingdom, England","Non-sentinel","2015-52",2015-12-21,98,71,0,0,71
"58","United Kingdom, England","Non-sentinel","2015-53",2015-12-28,117,92,0,0,92
"59","United Kingdom, England","Non-sentinel","2016-01",2016-01-04,217,138,0,3,135
"60","United Kingdom, England","Non-sentinel","2016-02",2016-01-11,184,130,0,2,128
"61","United Kingdom, England","Non-sentinel","2016-03",2016-01-18,231,164,0,1,163
"62","United Kingdom, England","Non-sentinel","2016-04",2016-01-25,425,333,0,0,333
"63","United Kingdom, England","Non-sentinel","2016-05",2016-02-01,484,371,0,1,370
"64","United Kingdom, England","Non-sentinel","2016-06",2016-02-08,472,349,0,0,349
"65","United Kingdom, England","Non-sentinel","2016-07",2016-02-15,543,434,0,1,433
"66","United Kingdom, England","Non-sentinel","2016-08",2016-02-22,544,425,0,0,425
"67","United Kingdom, England","Non-sentinel","2016-09",2016-02-29,613,472,0,0,472
"68","United Kingdom, England","Non-sentinel","2016-10",2016-03-07,659,450,0,1,449
"69","United Kingdom, England","Non-sentinel","2016-11",2016-03-14,899,595,0,0,595
"70","United Kingdom, England","Non-sentinel","2016-12",2016-03-21,729,405,0,1,404
"71","United Kingdom, England","Non-sentinel","2016-13",2016-03-28,688,342,0,0,342
"72","United Kingdom, England","Non-sentinel","2016-14",2016-04-04,491,188,0,0,188
"73","United Kingdom, England","Non-sentinel","2016-15",2016-04-11,415,156,0,0,156
"74","United Kingdom, England","Non-sentinel","2016-16",2016-04-18,222,52,0,1,51
"75","United Kingdom, England","Non-sentinel","2016-17",2016-04-25,187,63,0,2,61
"76","United Kingdom, England","Non-sentinel","2016-18",2016-05-02,157,52,0,0,52
"77","United Kingdom, England","Non-sentinel","2016-19",2016-05-09,110,38,0,1,37
"78","United Kingdom, England","Non-sentinel","2016-20",2016-05-16,63,20,0,0,20
"79","United Kingdom, England","Non-sentinel","2016-21",2016-05-23,30,5,0,0,5
"80","United Kingdom, England","Non-sentinel","2016-22",2016-05-30,23,12,0,0,12
"81","United Kingdom, England","Non-sentinel","2016-40",2016-10-03,14,9,0,1,8
"82","United Kingdom, England","Non-sentinel","2016-41",2016-10-10,10,8,0,1,7
"83","United Kingdom, England","Non-sentinel","2016-42",2016-10-17,14,10,0,0,10
"84","United Kingdom, England","Non-sentinel","2016-43",2016-10-24,9,8,0,3,5
"85","United Kingdom, England","Non-sentinel","2016-44",2016-10-31,21,17,0,4,13
"86","United Kingdom, England","Non-sentinel","2016-45",2016-11-07,20,18,0,1,17
"87","United Kingdom, England","Non-sentinel","2016-46",2016-11-14,46,43,0,2,41
"88","United Kingdom, England","Non-sentinel","2016-47",2016-11-21,23,23,0,1,22
"89","United Kingdom, England","Non-sentinel","2016-48",2016-11-28,61,59,0,7,52
"90","United Kingdom, England","Non-sentinel","2016-49",2016-12-05,135,128,0,7,121
"91","United Kingdom, England","Non-sentinel","2016-50",2016-12-12,204,198,0,12,186
"92","United Kingdom, England","Non-sentinel","2016-51",2016-12-19,374,365,0,17,348
"93","United Kingdom, England","Non-sentinel","2016-52",2016-12-26,416,407,0,11,396
"94","United Kingdom, England","Non-sentinel","2017-01",2017-01-02,646,638,0,13,625
"95","United Kingdom, England","Non-sentinel","2017-02",2017-01-09,897,870,0,5,865
"96","United Kingdom, England","Non-sentinel","2017-03",2017-01-16,681,670,0,13,657
"97","United Kingdom, England","Non-sentinel","2017-04",2017-01-23,794,772,0,8,764
"98","United Kingdom, England","Non-sentinel","2017-05",2017-01-30,824,785,0,12,773
"99","United Kingdom, England","Non-sentinel","2017-06",2017-02-06,579,556,0,9,547
"100","United Kingdom, England","Non-sentinel","2017-07",2017-02-13,379,355,0,7,348
"101","United Kingdom, England","Non-sentinel","2017-08",2017-02-20,445,418,0,11,407
"102","United Kingdom, England","Non-sentinel","2017-09",2017-02-27,321,295,0,2,293
"103","United Kingdom, England","Non-sentinel","2017-10",2017-03-06,162,136,0,13,123
"104","United Kingdom, England","Non-sentinel","2017-11",2017-03-13,95,80,0,7,73
"105","United Kingdom, England","Non-sentinel","2017-12",2017-03-20,78,60,0,2,58
"106","United Kingdom, England","Non-sentinel","2017-13",2017-03-27,68,34,0,1,33
"107","United Kingdom, England","Non-sentinel","2017-14",2017-04-03,64,38,0,2,36
"108","United Kingdom, England","Non-sentinel","2017-15",2017-04-10,38,17,0,0,17
"109","United Kingdom, England","Non-sentinel","2017-16",2017-04-17,41,16,0,1,15
"110","United Kingdom, England","Non-sentinel","2017-17",2017-04-24,49,18,0,1,17
"111","United Kingdom, England","Non-sentinel","2017-18",2017-05-01,36,6,0,0,6
"112","United Kingdom, England","Non-sentinel","2017-19",2017-05-08,36,11,0,0,11
"113","United Kingdom, England","Non-sentinel","2017-20",2017-05-15,49,16,0,0,16
"114","United Kingdom, England","Non-sentinel","2017-40",2017-10-02,34,23,0,1,22
"115","United Kingdom, England","Non-sentinel","2017-41",2017-10-09,36,23,0,2,21
"116","United Kingdom, England","Non-sentinel","2017-42",2017-10-16,21,15,0,1,14
"117","United Kingdom, England","Non-sentinel","2017-43",2017-10-23,23,18,0,1,17
"118","United Kingdom, England","Non-sentinel","2017-44",2017-10-30,26,20,0,2,18
"119","United Kingdom, England","Non-sentinel","2017-45",2017-11-06,29,21,0,3,18
"120","United Kingdom, England","Non-sentinel","2017-46",2017-11-13,51,34,0,9,25
"121","United Kingdom, England","Non-sentinel","2017-47",2017-11-20,78,47,0,1,46
"122","United Kingdom, England","Non-sentinel","2017-48",2017-11-27,73,49,0,5,44
"123","United Kingdom, England","Non-sentinel","2017-49",2017-12-04,166,95,0,5,90
"124","United Kingdom, England","Non-sentinel","2017-50",2017-12-11,296,146,0,7,139
"125","United Kingdom, England","Non-sentinel","2017-51",2017-12-18,765,348,0,10,338
"126","United Kingdom, England","Non-sentinel","2017-52",2017-12-25,1075,429,0,4,425
"127","United Kingdom, England","Non-sentinel","2018-01",2018-01-01,1967,835,0,6,829
"128","United Kingdom, England","Non-sentinel","2018-02",2018-01-08,2289,905,0,3,902
"129","United Kingdom, England","Non-sentinel","2018-03",2018-01-15,2321,878,0,20,858
"130","United Kingdom, England","Non-sentinel","2018-04",2018-01-22,2404,977,0,16,961
"131","United Kingdom, England","Non-sentinel","2018-05",2018-01-29,2150,941,0,6,935
"132","United Kingdom, England","Non-sentinel","2018-06",2018-02-05,1776,781,0,3,778
"133","United Kingdom, England","Non-sentinel","2018-07",2018-02-12,1895,911,0,6,905
"134","United Kingdom, England","Non-sentinel","2018-08",2018-02-19,2488,1308,0,21,1287
"135","United Kingdom, England","Non-sentinel","2018-09",2018-02-26,1662,889,0,10,879
"136","United Kingdom, England","Non-sentinel","2018-10",2018-03-05,2026,1161,0,2,1159
"137","United Kingdom, England","Non-sentinel","2018-11",2018-03-12,1664,1008,0,8,1000
"138","United Kingdom, England","Non-sentinel","2018-12",2018-03-19,1312,917,0,6,911
"139","United Kingdom, England","Non-sentinel","2018-13",2018-03-26,994,720,0,8,712
"140","United Kingdom, England","Non-sentinel","2018-14",2018-04-02,843,653,0,6,647
"141","United Kingdom, England","Non-sentinel","2018-15",2018-04-09,590,465,0,8,457
"142","United Kingdom, England","Non-sentinel","2018-16",2018-04-16,282,217,0,1,216
"143","United Kingdom, England","Non-sentinel","2018-17",2018-04-23,117,82,0,2,80
"144","United Kingdom, England","Non-sentinel","2018-18",2018-04-30,68,58,0,0,58
"145","United Kingdom, England","Non-sentinel","2018-19",2018-05-07,61,43,0,0,43
"146","United Kingdom, England","Non-sentinel","2018-20",2018-05-14,44,33,0,0,33
"147","United Kingdom, England","Non-sentinel","2018-40",2018-10-01,17,11,0,0,11
"148","United Kingdom, England","Non-sentinel","2018-41",2018-10-08,18,18,0,0,18
"149","United Kingdom, England","Non-sentinel","2018-42",2018-10-15,23,15,0,0,15
"150","United Kingdom, England","Non-sentinel","2018-43",2018-10-22,38,30,0,1,29
"151","United Kingdom, England","Non-sentinel","2018-44",2018-10-29,46,34,0,0,34
"152","United Kingdom, England","Non-sentinel","2018-45",2018-11-05,85,66,0,1,65
"153","United Kingdom, England","Non-sentinel","2018-46",2018-11-12,93,79,0,0,79
"154","United Kingdom, England","Non-sentinel","2018-47",2018-11-19,110,81,0,0,81
"155","United Kingdom, England","Non-sentinel","2018-48",2018-11-26,160,143,0,2,141
"156","United Kingdom, England","Non-sentinel","2018-49",2018-12-03,211,174,0,2,172
"157","United Kingdom, England","Non-sentinel","2018-50",2018-12-10,281,243,0,0,243
"158","United Kingdom, England","Non-sentinel","2018-51",2018-12-17,569,503,0,0,503
"159","United Kingdom, England","Non-sentinel","2018-52",2018-12-24,733,697,0,0,697
"160","United Kingdom, England","Non-sentinel","2019-01",2018-12-31,1309,1253,0,2,1251
"161","United Kingdom, England","Non-sentinel","2019-02",2019-01-07,1870,1760,0,3,1757
"162","United Kingdom, England","Non-sentinel","2019-03",2019-01-14,1819,1719,0,6,1713
"163","United Kingdom, England","Non-sentinel","2019-04",2019-01-21,2133,2040,0,7,2033
"164","United Kingdom, England","Non-sentinel","2019-05",2019-01-28,2407,2331,0,9,2322
"165","United Kingdom, England","Non-sentinel","2019-06",2019-02-04,2688,2631,0,20,2611
"166","United Kingdom, England","Non-sentinel","2019-07",2019-02-11,2871,2788,0,22,2766
"167","United Kingdom, England","Non-sentinel","2019-08",2019-02-18,2033,1990,0,10,1980
"168","United Kingdom, England","Non-sentinel","2019-09",2019-02-25,1317,1287,0,13,1274
"169","United Kingdom, England","Non-sentinel","2019-10",2019-03-04,897,874,0,9,865
"170","United Kingdom, England","Non-sentinel","2019-11",2019-03-11,673,656,0,5,651
"171","United Kingdom, England","Non-sentinel","2019-12",2019-03-18,697,682,0,8,674
"172","United Kingdom, England","Non-sentinel","2019-13",2019-03-25,504,487,0,9,478
"173","United Kingdom, England","Non-sentinel","2019-14",2019-04-01,430,414,0,15,399
"174","United Kingdom, England","Non-sentinel","2019-15",2019-04-08,428,417,0,10,407
"175","United Kingdom, England","Non-sentinel","2019-16",2019-04-15,320,311,0,1,310
"176","United Kingdom, England","Non-sentinel","2019-17",2019-04-22,334,321,0,2,319
"177","United Kingdom, England","Non-sentinel","2019-18",2019-04-29,195,181,0,3,178
"178","United Kingdom, England","Non-sentinel","2019-19",2019-05-06,92,86,0,1,85
"179","United Kingdom, England","Non-sentinel","2019-20",2019-05-13,86,75,0,2,73
"180","United Kingdom, England","Non-sentinel","2019-40",2019-09-30,88,68,0,13,55
"181","United Kingdom, England","Non-sentinel","2019-41",2019-10-07,114,87,0,3,84
"182","United Kingdom, England","Non-sentinel","2019-42",2019-10-14,112,84,0,9,75
"183","United Kingdom, England","Non-sentinel","2019-43",2019-10-21,186,160,0,12,148
"184","United Kingdom, England","Non-sentinel","2019-44",2019-10-28,249,220,0,16,204
"185","United Kingdom, England","Non-sentinel","2019-45",2019-11-04,198,183,0,11,172
"186","United Kingdom, England","Non-sentinel","2019-46",2019-11-11,249,232,0,9,223
"187","United Kingdom, England","Non-sentinel","2019-47",2019-11-18,554,527,0,26,501
"188","United Kingdom, England","Non-sentinel","2019-48",2019-11-25,1150,1107,0,28,1079
"189","United Kingdom, England","Non-sentinel","2020-01",2019-12-30,2559,2441,0,44,2397
"190","United Kingdom, England","Non-sentinel","2020-02",2020-01-06,1678,1546,0,43,1503
"191","United Kingdom, England","Non-sentinel","2020-03",2020-01-13,930,802,0,13,789
"192","United Kingdom, England","Non-sentinel","2020-04",2020-01-20,587,490,0,27,463
"193","United Kingdom, England","Non-sentinel","2020-05",2020-01-27,599,453,0,11,442
"194","United Kingdom, England","Non-sentinel","2020-06",2020-02-03,502,373,0,4,369
"195","United Kingdom, England","Non-sentinel","2020-07",2020-02-10,521,373,0,2,371
"196","United Kingdom, England","Non-sentinel","2020-08",2020-02-17,527,356,0,13,343
"197","United Kingdom, England","Non-sentinel","2020-09",2020-02-24,537,344,0,1,343
"198","United Kingdom, England","Non-sentinel","2020-10",2020-03-02,520,294,0,1,293
"199","United Kingdom, England","Non-sentinel","2020-11",2020-03-09,373,236,0,8,228
"200","United Kingdom, England","Non-sentinel","2020-12",2020-03-16,395,236,0,0,236
"201","United Kingdom, England","Non-sentinel","2020-13",2020-03-23,155,78,0,2,76
"202","United Kingdom, England","Non-sentinel","2020-14",2020-03-30,73,46,0,0,46
"203","United Kingdom, England","Non-sentinel","2020-15",2020-04-06,21,13,0,0,13
"204","United Kingdom, England","Non-sentinel","2020-16",2020-04-13,3,1,0,0,1
"205","United Kingdom, England","Non-sentinel","2020-17",2020-04-20,7,4,0,0,4
"206","United Kingdom, England","Non-sentinel","2020-18",2020-04-27,1,1,0,0,1
"207","United Kingdom, England","Non-sentinel","2020-19",2020-05-04,0,0,0,0,0
"208","United Kingdom, England","Non-sentinel","2020-20",2020-05-11,0,0,0,0,0
"209","United Kingdom, England","Non-sentinel","2020-40",2020-09-28,0,4,-10,0,4
"210","United Kingdom, England","Non-sentinel","2020-41",2020-10-05,0,4,-8,0,4
"211","United Kingdom, England","Non-sentinel","2020-42",2020-10-12,0,13,-22,0,13
"212","United Kingdom, England","Non-sentinel","2020-43",2020-10-19,0,16,-24,0,16
"213","United Kingdom, England","Non-sentinel","2020-44",2020-10-26,0,6,-14,0,6
"214","United Kingdom, England","Non-sentinel","2020-45",2020-11-02,0,8,-15,0,8
"215","United Kingdom, England","Non-sentinel","2020-46",2020-11-09,0,15,-33,0,15
"216","United Kingdom, England","Non-sentinel","2020-47",2020-11-16,0,14,-30,0,14
"217","United Kingdom, England","Non-sentinel","2020-48",2020-11-23,0,12,-25,0,12
"218","United Kingdom, England","Non-sentinel","2020-49",2020-11-30,0,18,-36,0,18
"219","United Kingdom, England","Non-sentinel","2020-50",2020-12-07,0,9,-18,0,9
"220","United Kingdom, England","Non-sentinel","2020-51",2020-12-14,0,10,-23,0,10
"221","United Kingdom, England","Non-sentinel","2020-52",2020-12-21,0,8,-21,0,8
"222","United Kingdom, England","Non-sentinel","2020-53",2020-12-28,0,6,-11,0,6
"223","United Kingdom, England","Non-sentinel","2021-01",2021-01-04,0,10,-20,0,10
"224","United Kingdom, England","Non-sentinel","2021-02",2021-01-11,0,7,-11,0,7
"225","United Kingdom, England","Non-sentinel","2021-03",2021-01-18,0,6,-10,0,6
"226","United Kingdom, England","Non-sentinel","2021-04",2021-01-25,0,4,-11,0,4
"227","United Kingdom, England","Non-sentinel","2021-05",2021-02-01,0,12,-17,0,12
"228","United Kingdom, England","Non-sentinel","2021-06",2021-02-08,0,7,-13,0,7
"229","United Kingdom, England","Non-sentinel","2021-07",2021-02-15,0,10,-20,0,10
"230","United Kingdom, England","Non-sentinel","2021-08",2021-02-22,0,2,-5,0,2
"231","United Kingdom, England","Non-sentinel","2021-09",2021-03-01,0,4,-8,0,4
"232","United Kingdom, England","Non-sentinel","2021-10",2021-03-08,0,3,-6,0,3
"233","United Kingdom, England","Non-sentinel","2021-11",2021-03-15,0,7,-13,0,7
"234","United Kingdom, England","Non-sentinel","2021-12",2021-03-22,0,0,0,0,0
"235","United Kingdom, England","Non-sentinel","2021-13",2021-03-29,0,1,-2,0,1
"236","United Kingdom, England","Non-sentinel","2021-14",2021-04-05,0,5,-8,0,5
"237","United Kingdom, England","Non-sentinel","2021-15",2021-04-12,0,5,-9,0,5
"238","United Kingdom, England","Non-sentinel","2021-16",2021-04-19,0,7,-14,0,7
"239","United Kingdom, England","Non-sentinel","2021-17",2021-04-26,0,1,-2,0,1
"240","United Kingdom, England","Non-sentinel","2021-18",2021-05-03,0,3,-7,0,3
"241","United Kingdom, England","Non-sentinel","2021-19",2021-05-10,0,8,-14,0,8
"242","United Kingdom, England","Non-sentinel","2021-20",2021-05-17,0,3,-4,0,3
"243","United Kingdom, England","Non-sentinel","2021-40",2021-10-04,176,117,0,0,117
"244","United Kingdom, England","Non-sentinel","2021-41",2021-10-11,185,118,0,0,118
"245","United Kingdom, England","Non-sentinel","2021-42",2021-10-18,218,125,0,0,125
"246","United Kingdom, England","Non-sentinel","2021-43",2021-10-25,176,100,0,1,99
"247","United Kingdom, England","Non-sentinel","2021-44",2021-11-01,97,61,0,0,61
"248","United Kingdom, England","Non-sentinel","2021-45",2021-11-08,108,57,0,0,57
"249","United Kingdom, England","Non-sentinel","2021-46",2021-11-15,128,74,0,0,74
"250","United Kingdom, England","Non-sentinel","2021-47",2021-11-22,130,81,0,0,81
"251","United Kingdom, England","Non-sentinel","2021-48",2021-11-29,144,99,0,0,99
"252","United Kingdom, England","Non-sentinel","2021-49",2021-12-06,153,124,0,0,124
"253","United Kingdom, England","Non-sentinel","2021-50",2021-12-13,177,140,0,0,140
"254","United Kingdom, England","Non-sentinel","2021-51",2021-12-20,156,134,0,0,134
"255","United Kingdom, England","Non-sentinel","2021-52",2021-12-27,133,119,0,0,119
"256","United Kingdom, England","Non-sentinel","2022-01",2022-01-03,104,89,0,0,89
"257","United Kingdom, England","Non-sentinel","2022-02",2022-01-10,103,64,0,0,64
"258","United Kingdom, England","Non-sentinel","2022-03",2022-01-17,71,51,0,0,51
"259","United Kingdom, England","Non-sentinel","2022-04",2022-01-24,76,51,0,0,51
"260","United Kingdom, England","Non-sentinel","2022-05",2022-01-31,66,57,0,0,57
"261","United Kingdom, England","Non-sentinel","2022-06",2022-02-07,74,63,0,0,63
"262","United Kingdom, England","Non-sentinel","2022-07",2022-02-14,109,101,0,0,101
"263","United Kingdom, England","Non-sentinel","2022-08",2022-02-21,132,127,0,0,127
"264","United Kingdom, England","Non-sentinel","2022-09",2022-02-28,162,156,0,0,156
"265","United Kingdom, England","Non-sentinel","2022-10",2022-03-07,302,292,0,0,292
"266","United Kingdom, England","Non-sentinel","2022-11",2022-03-14,430,425,0,3,422
"267","United Kingdom, England","Non-sentinel","2022-12",2022-03-21,588,581,0,2,579
"268","United Kingdom, England","Non-sentinel","2022-13",2022-03-28,712,702,0,0,702
"269","United Kingdom, England","Non-sentinel","2022-14",2022-04-04,771,736,0,4,732
"270","United Kingdom, England","Non-sentinel","2022-15",2022-04-11,892,875,0,0,875
"271","United Kingdom, England","Non-sentinel","2022-16",2022-04-18,593,582,0,1,581
"272","United Kingdom, England","Non-sentinel","2022-17",2022-04-25,474,455,0,0,455
"273","United Kingdom, England","Non-sentinel","2022-18",2022-05-02,413,399,0,0,399
"274","United Kingdom, England","Non-sentinel","2022-19",2022-05-09,368,335,0,0,335
"275","United Kingdom, England","Non-sentinel","2022-20",2022-05-16,291,269,0,1,268
"276","United Kingdom, England","Non-sentinel","2022-21",2022-05-23,0,139,-155,1,138
"277","United Kingdom, England","Non-sentinel","2022-22",2022-05-30,0,115,-129,NA,115
"278","United Kingdom, England","Non-sentinel","2022-23",2022-06-06,0,122,-144,1,121
"279","United Kingdom, England","Non-sentinel","2022-24",2022-06-13,0,99,-112,1,98
"280","United Kingdom, England","Non-sentinel","2022-25",2022-06-20,0,80,-96,NA,80
"281","United Kingdom, England","Non-sentinel","2022-26",2022-06-27,0,62,-89,NA,62
"282","United Kingdom, England","Non-sentinel","2022-27",2022-07-04,0,84,-92,2,82
"283","United Kingdom, England","Non-sentinel","2022-28",2022-07-11,0,94,-111,1,93
"284","United Kingdom, England","Non-sentinel","2022-29",2022-07-18,0,81,-94,NA,81
"285","United Kingdom, England","Non-sentinel","2022-30",2022-07-25,0,76,-92,NA,76
"286","United Kingdom, England","Non-sentinel","2022-31",2022-08-01,0,68,-76,1,67
"287","United Kingdom, England","Non-sentinel","2022-32",2022-08-08,0,97,-115,NA,97
"288","United Kingdom, England","Non-sentinel","2022-33",2022-08-15,0,83,-95,NA,83
"289","United Kingdom, England","Non-sentinel","2022-34",2022-08-22,0,104,-117,NA,104
"290","United Kingdom, England","Non-sentinel","2022-35",2022-08-29,0,120,-134,NA,120
"291","United Kingdom, England","Non-sentinel","2022-36",2022-09-05,0,157,-166,NA,157
"292","United Kingdom, England","Non-sentinel","2022-37",2022-09-12,0,173,-190,NA,173
"293","United Kingdom, England","Non-sentinel","2022-38",2022-09-19,1363,22,1330,22,NA
"294","United Kingdom, England","Non-sentinel","2022-39",2022-09-26,0,296,-344,2,294
"295","United Kingdom, England","Non-sentinel","2022-40",2022-10-03,0,435,-496,2,433
"296","United Kingdom, England","Non-sentinel","2022-41",2022-10-10,0,566,-646,4,562
"297","United Kingdom, England","Non-sentinel","2022-42",2022-10-17,0,1007,-1121,4,1003
"298","United Kingdom, England","Non-sentinel","2022-43",2022-10-24,0,1013,-1102,8,1005
"299","United Kingdom, England","Non-sentinel","2022-44",2022-10-31,0,921,-1009,3,918
"300","United Kingdom, England","Non-sentinel","2022-45",2022-11-07,0,1117,-1246,10,1107
"301","United Kingdom, England","Non-sentinel","2022-46",2022-11-14,0,1437,-1549,22,1415
"302","United Kingdom, England","Non-sentinel","2022-47",2022-11-21,0,2183,-2354,63,2120
"303","United Kingdom, England","Non-sentinel","2022-48",2022-11-28,0,3507,-3743,104,3403
"304","United Kingdom, England","Non-sentinel","2022-49",2022-12-05,0,5478,-5776,107,5371
"305","United Kingdom, England","Non-sentinel","2022-50",2022-12-12,0,9457,-9962,236,9221
"306","United Kingdom, England","Non-sentinel","2022-51",2022-12-19,0,13859,-14701,293,13566
"307","United Kingdom, England","Non-sentinel","2022-52",2022-12-26,0,10555,-11367,211,10344
"308","United Kingdom, England","Non-sentinel","2023-01",2023-01-02,0,5343,-6030,119,5224
"309","United Kingdom, England","Non-sentinel","2023-02",2023-01-09,0,2032,-2607,93,1939
"310","United Kingdom, England","Non-sentinel","2023-03",2023-01-16,0,737,-1137,13,724
"311","United Kingdom, England","Non-sentinel","2023-04",2023-01-23,0,504,-946,4,500
"312","United Kingdom, England","Non-sentinel","2023-05",2023-01-30,0,395,-875,5,390
"313","United Kingdom, England","Non-sentinel","2023-06",2023-02-06,0,282,-756,8,274
"314","United Kingdom, England","Non-sentinel","2023-07",2023-02-13,0,235,-756,2,233
"315","United Kingdom, England","Non-sentinel","2023-08",2023-02-20,0,1265,-1773,6,1259
"316","United Kingdom, England","Non-sentinel","2023-09",2023-02-27,0,149,-578,2,147
"317","United Kingdom, England","Non-sentinel","2023-10",2023-03-06,0,160,-680,1,159
"318","United Kingdom, England","Non-sentinel","2023-11",2023-03-13,0,186,-737,1,185
"319","United Kingdom, England","Non-sentinel","2023-12",2023-03-20,0,115,-538,1,114
"320","United Kingdom, England","Non-sentinel","2023-13",2023-03-27,0,66,-385,3,63
"321","United Kingdom, England","Non-sentinel","2023-14",2023-04-03,0,51,-305,1,50
"322","United Kingdom, England","Non-sentinel","2023-15",2023-04-10,0,46,-239,1,45
"323","United Kingdom, England","Non-sentinel","2023-16",2023-04-17,0,37,-184,NA,37
"324","United Kingdom, England","Non-sentinel","2023-17",2023-04-24,0,50,-185,NA,50
"325","United Kingdom, England","Non-sentinel","2023-18",2023-05-01,0,33,-145,NA,33
"326","United Kingdom, England","Non-sentinel","2023-19",2023-05-08,0,38,-107,1,37
"327","United Kingdom, England","Non-sentinel","2023-20",2023-05-15,0,23,-76,NA,23
"328","United Kingdom, England","Non-sentinel","2023-21",2023-05-22,0,25,-59,NA,25
"329","United Kingdom, England","Non-sentinel","2023-22",2023-05-29,0,40,-58,1,39
"330","United Kingdom, England","Non-sentinel","2023-23",2023-06-05,0,31,-56,NA,31
"331","United Kingdom, England","Non-sentinel","2023-24",2023-06-12,0,35,-45,NA,35
"332","United Kingdom, England","Non-sentinel","2023-25",2023-06-19,0,46,-66,1,45
"333","United Kingdom, England","Non-sentinel","2023-26",2023-06-26,0,21,-31,NA,21
"334","United Kingdom, England","Non-sentinel","2023-27",2023-07-03,0,43,-54,NA,43
"335","United Kingdom, England","Non-sentinel","2023-28",2023-07-10,0,46,-63,NA,46
"336","United Kingdom, England","Non-sentinel","2023-29",2023-07-17,0,44,-57,1,43
"337","United Kingdom, England","Non-sentinel","2023-30",2023-07-24,0,36,-45,1,35
"338","United Kingdom, England","Non-sentinel","2023-31",2023-07-31,0,53,-65,1,52
"339","United Kingdom, England","Non-sentinel","2023-32",2023-08-07,0,35,-51,NA,35
"340","United Kingdom, England","Non-sentinel","2023-33",2023-08-14,0,47,-55,1,46
"341","United Kingdom, England","Non-sentinel","2023-34",2023-08-21,0,37,-52,1,36
"342","United Kingdom, England","Non-sentinel","2023-35",2023-08-28,0,44,-51,1,43
"343","United Kingdom, England","Non-sentinel","2023-36",2023-09-04,0,64,-85,1,63
"344","United Kingdom, England","Non-sentinel","2023-37",2023-09-11,0,68,-87,3,65
"345","United Kingdom, England","Non-sentinel","2023-38",2023-09-18,0,97,-118,4,93
"346","United Kingdom, England","Non-sentinel","2023-39",2023-09-25,0,86,-97,2,84
"347","United Kingdom, England","Non-sentinel","2023-40",2023-10-02,0,80,-116,1,79
"348","United Kingdom, England","Non-sentinel","2023-41",2023-10-09,0,102,-152,5,97
"349","United Kingdom, England","Non-sentinel","2023-42",2023-10-16,0,110,-157,2,108
"350","United Kingdom, England","Non-sentinel","2023-43",2023-10-23,0,136,-178,9,127
"351","United Kingdom, England","Non-sentinel","2023-44",2023-10-30,0,203,-262,7,196
"352","United Kingdom, England","Non-sentinel","2023-45",2023-11-06,0,237,-301,14,223
"353","United Kingdom, England","Non-sentinel","2023-46",2023-11-13,0,290,-350,10,280
"354","United Kingdom, England","Non-sentinel","2023-47",2023-11-20,0,342,-416,24,318
"355","United Kingdom, England","Non-sentinel","2023-48",2023-11-27,0,524,-581,30,494
"356","United Kingdom, England","Non-sentinel","2023-49",2023-12-04,0,1147,-1290,38,1109
"357","United Kingdom, England","Non-sentinel","2023-50",2023-12-11,0,1978,-2225,102,1876
"358","United Kingdom, England","Non-sentinel","2023-51",2023-12-18,0,3202,-3554,297,2905
"359","United Kingdom, England","Non-sentinel","2023-52",2023-12-25,0,3039,-3267,107,2932
"360","United Kingdom, England","Non-sentinel","2024-01",2024-01-01,0,3622,-4037,154,3468
"361","United Kingdom, England","Non-sentinel","2024-02",2024-01-08,0,2201,-2417,109,2092
"362","United Kingdom, England","Non-sentinel","2024-03",2024-01-15,0,4153,-4442,58,4095
"363","United Kingdom, England","Non-sentinel","2024-04",2024-01-22,0,5326,-5607,53,5273
"364","United Kingdom, England","Non-sentinel","2024-05",2024-01-29,0,4731,-5074,30,4701
"365","United Kingdom, England","Non-sentinel","2024-06",2024-02-05,0,4278,-4647,10,4268
"366","United Kingdom, England","Non-sentinel","2024-07",2024-02-12,0,3181,-3527,15,3166
"367","United Kingdom, England","Non-sentinel","2024-08",2024-02-19,0,2260,-2604,11,2249
"368","United Kingdom, England","Non-sentinel","2024-09",2024-02-26,0,1723,-2045,14,1709
"369","United Kingdom, England","Non-sentinel","2024-10",2024-03-04,0,1533,-1904,12,1521
"370","United Kingdom, England","Non-sentinel","2024-11",2024-03-11,0,1661,-2118,7,1654
"371","United Kingdom, England","Non-sentinel","2024-12",2024-03-18,0,1167,-1620,35,1132
"372","United Kingdom, England","Non-sentinel","2024-13",2024-03-25,0,821,-1151,20,801
"373","United Kingdom, England","Non-sentinel","2024-14",2024-04-01,0,777,-1181,14,763
"374","United Kingdom, England","Non-sentinel","2024-15",2024-04-08,0,487,-738,9,478
"375","United Kingdom, England","Non-sentinel","2024-16",2024-04-15,0,310,-455,19,291
"376","United Kingdom, England","Non-sentinel","2024-17",2024-04-22,0,298,-520,22,276
"377","United Kingdom, England","Non-sentinel","2024-18",2024-04-29,0,311,-548,17,294
"378","United Kingdom, England","Non-sentinel","2024-19",2024-05-06,0,223,-422,8,215
"379","United Kingdom, England","Non-sentinel","2024-20",2024-05-13,0,182,-339,18,164
"380","United Kingdom, England","Non-sentinel","2024-21",2024-05-20,0,126,-205,5,121
"381","United Kingdom, England","Non-sentinel","2024-22",2024-05-27,0,107,-160,3,104
"382","United Kingdom, England","Non-sentinel","2024-23",2024-06-03,0,121,-211,4,117
"383","United Kingdom, England","Non-sentinel","2024-24",2024-06-10,0,111,-177,7,104
"384","United Kingdom, England","Non-sentinel","2024-25",2024-06-17,0,128,-192,4,124
"385","United Kingdom, England","Non-sentinel","2024-26",2024-06-24,0,211,-275,5,206
"386","United Kingdom, England","Non-sentinel","2024-27",2024-07-01,0,223,-262,5,218
"387","United Kingdom, England","Non-sentinel","2024-28",2024-07-08,0,252,-292,4,248
"388","United Kingdom, England","Non-sentinel","2024-29",2024-07-15,0,314,-357,7,307
"389","United Kingdom, England","Non-sentinel","2024-30",2024-07-22,0,312,-374,13,299
"390","United Kingdom, England","Non-sentinel","2024-31",2024-07-29,0,199,-227,8,191
"391","United Kingdom, England","Non-sentinel","2024-32",2024-08-05,0,244,-268,8,236
"392","United Kingdom, England","Non-sentinel","2024-33",2024-08-12,0,254,-278,35,219
"393","United Kingdom, England","Non-sentinel","2024-34",2024-08-19,0,214,-236,8,206
"394","United Kingdom, England","Non-sentinel","2024-35",2024-08-26,0,214,-240,8,206
"395","United Kingdom, England","Non-sentinel","2024-36",2024-09-02,0,208,-238,7,201
"396","United Kingdom, England","Non-sentinel","2024-37",2024-09-09,0,228,-256,14,214
"397","United Kingdom, England","Non-sentinel","2024-38",2024-09-16,0,303,-340,8,295
"398","United Kingdom, England","Non-sentinel","2024-39",2024-09-23,0,372,-436,20,352
"399","United Kingdom, England","Non-sentinel","2024-40",2024-09-30,0,391,-445,6,385
"400","United Kingdom, England","Non-sentinel","2024-41",2024-10-07,0,485,-547,23,462
"401","United Kingdom, England","Non-sentinel","2024-42",2024-10-14,0,543,-638,16,527
"402","United Kingdom, England","Non-sentinel","2024-43",2024-10-21,0,534,-627,22,512
"403","United Kingdom, England","Non-sentinel","2024-44",2024-10-28,0,1336,-1495,14,1322
"404","United Kingdom, England","Non-sentinel","2024-45",2024-11-04,0,671,-775,14,657
"405","United Kingdom, England","Non-sentinel","2024-46",2024-11-11,0,891,-1018,5,886
"406","United Kingdom, England","Non-sentinel","2024-47",2024-11-18,0,1511,-1690,14,1497
"407","United Kingdom, England","Non-sentinel","2024-48",2024-11-25,0,2689,-2931,10,2679
"408","United Kingdom, England","Non-sentinel","2024-49",2024-12-02,0,4582,-4944,15,4567
"409","United Kingdom, England","Non-sentinel","2024-50",2024-12-09,0,6462,-6952,14,6448
"410","United Kingdom, England","Non-sentinel","2024-51",2024-12-16,0,9359,-10011,12,9347
"411","United Kingdom, England","Non-sentinel","2024-52",2024-12-23,0,10038,-10606,1,10037
"412","United Kingdom, England","Non-sentinel","2025-01",2024-12-30,0,10049,-10793,2,10047
"413","United Kingdom, England","Non-sentinel","2025-02",2025-01-06,0,7712,-8683,8,7704
"414","United Kingdom, England","Non-sentinel","2025-03",2025-01-13,0,5447,-6495,10,5437
"415","United Kingdom, England","Non-sentinel","2025-04",2025-01-20,0,4345,-5715,8,4337
"416","United Kingdom, England","Non-sentinel","2025-05",2025-01-27,0,3396,-5046,10,3386
"417","United Kingdom, England","Non-sentinel","2025-06",2025-02-03,0,2442,-4266,15,2427
"418","United Kingdom, England","Non-sentinel","2025-07",2025-02-10,0,1923,-3745,6,1917
"419","United Kingdom, England","Non-sentinel","2025-08",2025-02-17,0,1854,-3632,10,1844
"420","United Kingdom, England","Non-sentinel","2025-09",2025-02-24,0,1506,-3153,19,1487
"421","United Kingdom, England","Non-sentinel","2025-10",2025-03-03,0,1402,-2782,16,1386
"422","United Kingdom, England","Non-sentinel","2025-11",2025-03-10,0,1157,-2329,20,1137
"423","United Kingdom, England","Non-sentinel","2025-12",2025-03-17,0,1175,-2132,8,1167
"424","United Kingdom, England","Non-sentinel","2025-13",2025-03-24,0,1090,-2043,14,1076
"425","United Kingdom, England","Non-sentinel","2025-14",2025-03-31,0,873,-1591,5,868
"426","United Kingdom, England","Non-sentinel","2025-15",2025-04-07,0,758,-1306,5,753
"427","United Kingdom, England","Non-sentinel","2025-16",2025-04-14,0,622,-981,4,618
"428","United Kingdom, England","Non-sentinel","2025-17",2025-04-21,0,559,-829,3,556
"429","United Kingdom, England","Non-sentinel","2025-18",2025-04-28,0,454,-601,5,449
"430","United Kingdom, England","Non-sentinel","2025-19",2025-05-05,0,306,-385,1,305
"431","United Kingdom, England","Non-sentinel","2025-20",2025-05-12,0,290,-352,NA,290
"432","United Kingdom, England","Non-sentinel","2025-21",2025-05-19,0,256,-307,NA,256
"433","United Kingdom, England","Non-sentinel","2025-22",2025-05-26,0,219,-252,1,218
"434","United Kingdom, England","Non-sentinel","2025-23",2025-06-02,0,137,-162,1,136
"435","United Kingdom, England","Non-sentinel","2025-24",2025-06-09,0,229,-241,NA,229
"436","United Kingdom, England","Non-sentinel","2025-25",2025-06-16,0,171,-192,NA,171
"437","United Kingdom, England","Non-sentinel","2025-26",2025-06-23,0,179,-195,NA,179
"438","United Kingdom, England","Non-sentinel","2025-27",2025-06-30,0,137,-153,NA,137
"439","United Kingdom, England","Non-sentinel","2025-28",2025-07-07,0,141,-162,NA,141
"440","United Kingdom, England","Non-sentinel","2025-29",2025-07-14,0,93,-111,NA,93
"441","United Kingdom, England","Non-sentinel","2025-30",2025-07-21,0,80,-91,1,79
"442","United Kingdom, England","Non-sentinel","2025-31",2025-07-28,0,178,-198,5,173
"443","United Kingdom, England","Non-sentinel","2025-32",2025-08-04,0,94,-109,4,90
"444","United Kingdom, England","Non-sentinel","2025-33",2025-08-11,0,99,-109,NA,99
"445","United Kingdom, England","Non-sentinel","2025-34",2025-08-18,0,121,-140,2,119
"446","United Kingdom, England","Non-sentinel","2025-35",2025-08-25,0,123,-129,1,122
"447","United Kingdom, England","Non-sentinel","2025-36",2025-09-01,0,155,-175,3,152
"448","United Kingdom, England","Non-sentinel","2025-37",2025-09-08,0,138,-151,1,137
"449","United Kingdom, England","Non-sentinel","2025-38",2025-09-15,0,200,-215,NA,200
"450","United Kingdom, England","Non-sentinel","2025-39",2025-09-22,0,385,-422,NA,385
"451","United Kingdom, England","Non-sentinel","2025-40",2025-09-29,0,682,-717,8,674
"452","United Kingdom, England","Non-sentinel","2025-41",2025-10-06,0,1092,-1129,40,1052
"453","United Kingdom, England","Non-sentinel","2025-42",2025-10-13,0,1452,-1493,28,1424
"454","United Kingdom, England","Non-sentinel","2025-43",2025-10-20,0,1981,-2057,67,1914
"455","United Kingdom, England","Not defined","2012-32",2012-08-06,10,4,0,0,4
"456","United Kingdom, England","Not defined","2012-33",2012-08-13,4,1,3,0,1
"457","United Kingdom, England","Not defined","2012-34",2012-08-20,4,4,0,2,2
"458","United Kingdom, England","Not defined","2012-35",2012-08-27,1,0,0,0,0
"459","United Kingdom, England","Not defined","2012-36",2012-09-03,5,2,0,0,2
"460","United Kingdom, England","Not defined","2012-37",2012-09-10,4,1,0,0,1
"461","United Kingdom, England","Not defined","2012-38",2012-09-17,9,3,0,0,3
"462","United Kingdom, England","Not defined","2012-39",2012-09-24,7,5,0,0,5
"463","United Kingdom, England","Not defined","2012-40",2012-10-01,3,1,0,0,1
"464","United Kingdom, England","Not defined","2012-41",2012-10-08,13,4,8,0,4
"465","United Kingdom, England","Not defined","2012-42",2012-10-15,9,1,7,0,1
"466","United Kingdom, England","Not defined","2012-43",2012-10-22,16,5,7,2,3
"467","United Kingdom, England","Not defined","2012-44",2012-10-29,33,10,15,6,4
"468","United Kingdom, England","Not defined","2012-45",2012-11-05,46,13,29,7,6
"469","United Kingdom, England","Not defined","2012-46",2012-11-12,71,14,48,5,9
"470","United Kingdom, England","Not defined","2012-47",2012-11-19,69,11,43,3,8
"471","United Kingdom, England","Not defined","2012-48",2012-11-26,69,6,38,1,5
"472","United Kingdom, England","Not defined","2012-49",2012-12-03,90,20,34,11,9
"473","United Kingdom, England","Not defined","2012-50",2012-12-10,133,15,38,5,10
"474","United Kingdom, England","Not defined","2012-51",2012-12-17,222,52,0,12,40
"475","United Kingdom, England","Not defined","2012-52",2012-12-24,161,36,0,16,20
"476","United Kingdom, England","Not defined","2013-01",2012-12-31,257,54,0,14,40
"477","United Kingdom, England","Not defined","2013-02",2013-01-07,325,87,0,34,53
"478","United Kingdom, England","Not defined","2013-03",2013-01-14,160,58,0,23,35
"479","United Kingdom, England","Not defined","2013-04",2013-01-21,181,67,0,18,49
"480","United Kingdom, England","Not defined","2013-05",2013-01-28,243,114,0,53,61
"481","United Kingdom, England","Not defined","2013-06",2013-02-04,342,199,0,44,155
"482","United Kingdom, England","Not defined","2013-07",2013-02-11,287,154,0,31,123
"483","United Kingdom, England","Not defined","2013-08",2013-02-18,324,196,0,57,139
"484","United Kingdom, England","Not defined","2013-09",2013-02-25,225,153,0,31,122
"485","United Kingdom, England","Not defined","2013-10",2013-03-04,348,244,0,20,224
"486","United Kingdom, England","Not defined","2013-11",2013-03-11,277,202,0,20,182
"487","United Kingdom, England","Not defined","2013-12",2013-03-18,186,142,0,25,117
"488","United Kingdom, England","Not defined","2013-13",2013-03-25,193,163,0,21,142
"489","United Kingdom, England","Not defined","2013-14",2013-04-01,119,92,0,10,82
"490","United Kingdom, England","Not defined","2013-15",2013-04-08,166,129,0,20,109
"491","United Kingdom, England","Not defined","2013-16",2013-04-15,183,143,0,15,128
"492","United Kingdom, England","Not defined","2013-17",2013-04-22,73,51,0,5,46
"493","United Kingdom, England","Not defined","2013-18",2013-04-29,41,29,0,1,28
"494","United Kingdom, England","Not defined","2013-19",2013-05-06,25,23,0,0,23
"495","United Kingdom, England","Not defined","2013-20",2013-05-13,15,9,0,1,8
"496","United Kingdom, England","Not defined","2013-21",2013-05-20,15,12,0,0,12
"497","United Kingdom, England","Not defined","2013-22",2013-05-27,20,14,0,6,8
"498","United Kingdom, England","Not defined","2013-23",2013-06-03,5,4,1,2,2
"499","United Kingdom, England","Not defined","2013-24",2013-06-10,7,2,5,1,1
"500","United Kingdom, England","Not defined","2013-25",2013-06-17,5,1,3,0,1
"501","United Kingdom, England","Not defined","2013-26",2013-06-24,2,1,1,0,1
"502","United Kingdom, England","Not defined","2013-27",2013-07-01,8,8,0,0,8
"503","United Kingdom, England","Not defined","2013-28",2013-07-08,3,0,1,0,0
"504","United Kingdom, England","Not defined","2013-29",2013-07-15,2,2,0,0,2
"505","United Kingdom, England","Not defined","2013-30",2013-07-22,4,3,0,1,2
"506","United Kingdom, England","Not defined","2013-31",2013-07-29,2,2,0,0,2
"507","United Kingdom, England","Not defined","2013-32",2013-08-05,1,0,1,0,0
"508","United Kingdom, England","Not defined","2013-33",2013-08-12,5,2,1,0,2
"509","United Kingdom, England","Not defined","2013-34",2013-08-19,30,2,28,0,2
"510","United Kingdom, England","Not defined","2013-35",2013-08-26,2,1,0,0,1
"511","United Kingdom, England","Not defined","2013-36",2013-09-02,3,3,0,0,3
"512","United Kingdom, England","Not defined","2014-22",2014-05-26,91,1,90,1,0
"513","United Kingdom, England","Not defined","2014-39",2014-09-22,7,3,2,0,3
"514","United Kingdom, England","Not defined","2015-23",2015-06-01,60,0,59,0,0
"515","United Kingdom, England","Not defined","2018-22",2018-05-28,186,0,186,0,0
"516","United Kingdom, England","Not defined","2018-25",2018-06-18,163,0,163,0,0
"517","United Kingdom, England","Sentinel","2013-40",2013-09-30,15,0,15,0,0
"518","United Kingdom, England","Sentinel","2013-41",2013-10-07,20,0,20,0,0
"519","United Kingdom, England","Sentinel","2013-42",2013-10-14,62,0,62,0,0
"520","United Kingdom, England","Sentinel","2013-43",2013-10-21,69,0,69,0,0
"521","United Kingdom, England","Sentinel","2013-44",2013-10-28,58,0,56,0,0
"522","United Kingdom, England","Sentinel","2013-45",2013-11-04,57,1,55,1,0
"523","United Kingdom, England","Sentinel","2013-46",2013-11-11,67,0,67,0,0
"524","United Kingdom, England","Sentinel","2013-47",2013-11-18,53,0,53,0,0
"525","United Kingdom, England","Sentinel","2013-48",2013-11-25,72,0,72,0,0
"526","United Kingdom, England","Sentinel","2013-49",2013-12-02,68,0,67,0,0
"527","United Kingdom, England","Sentinel","2013-50",2013-12-09,82,4,76,4,0
"528","United Kingdom, England","Sentinel","2013-51",2013-12-16,63,3,58,3,0
"529","United Kingdom, England","Sentinel","2013-52",2013-12-23,38,0,37,0,0
"530","United Kingdom, England","Sentinel","2014-01",2013-12-30,67,2,64,2,0
"531","United Kingdom, England","Sentinel","2014-02",2014-01-06,93,2,79,2,0
"532","United Kingdom, England","Sentinel","2014-03",2014-01-13,58,4,46,4,0
"533","United Kingdom, England","Sentinel","2014-04",2014-01-20,62,3,51,3,0
"534","United Kingdom, England","Sentinel","2014-05",2014-01-27,63,2,54,2,0
"535","United Kingdom, England","Sentinel","2014-06",2014-02-03,86,4,53,4,0
"536","United Kingdom, England","Sentinel","2014-07",2014-02-10,69,5,39,5,0
"537","United Kingdom, England","Sentinel","2014-08",2014-02-17,69,4,50,4,0
"538","United Kingdom, England","Sentinel","2014-09",2014-02-24,60,5,41,5,0
"539","United Kingdom, England","Sentinel","2014-10",2014-03-03,55,4,35,4,0
"540","United Kingdom, England","Sentinel","2014-11",2014-03-10,46,5,25,5,0
"541","United Kingdom, England","Sentinel","2014-12",2014-03-17,50,1,38,1,0
"542","United Kingdom, England","Sentinel","2014-13",2014-03-24,45,4,33,4,0
"543","United Kingdom, England","Sentinel","2014-14",2014-03-31,42,3,37,3,0
"544","United Kingdom, England","Sentinel","2014-15",2014-04-07,31,2,27,2,0
"545","United Kingdom, England","Sentinel","2014-16",2014-04-14,15,0,12,0,0
"546","United Kingdom, England","Sentinel","2014-17",2014-04-21,6,0,6,0,0
"547","United Kingdom, England","Sentinel","2014-18",2014-04-28,14,0,14,0,0
"548","United Kingdom, England","Sentinel","2014-19",2014-05-05,7,0,7,0,0
"549","United Kingdom, England","Sentinel","2014-20",2014-05-12,0,0,0,0,0
"550","United Kingdom, England","Sentinel","2014-40",2014-09-29,7,0,7,0,0
"551","United Kingdom, England","Sentinel","2014-41",2014-10-06,17,0,17,0,0
"552","United Kingdom, England","Sentinel","2014-42",2014-10-13,30,1,28,1,0
"553","United Kingdom, England","Sentinel","2014-43",2014-10-20,15,0,15,0,0
"554","United Kingdom, England","Sentinel","2014-44",2014-10-27,33,1,32,1,0
"555","United Kingdom, England","Sentinel","2014-45",2014-11-03,53,0,53,0,0
"556","United Kingdom, England","Sentinel","2014-46",2014-11-10,43,2,40,2,0
"557","United Kingdom, England","Sentinel","2014-47",2014-11-17,24,1,23,1,0
"558","United Kingdom, England","Sentinel","2014-48",2014-11-24,49,2,47,2,0
"559","United Kingdom, England","Sentinel","2014-49",2014-12-01,43,2,40,2,0
"560","United Kingdom, England","Sentinel","2014-50",2014-12-08,57,16,41,16,0
"561","United Kingdom, England","Sentinel","2015-40",2015-09-28,6,0,6,0,0
"562","United Kingdom, England","Sentinel","2015-41",2015-10-05,3,0,3,0,0
"563","United Kingdom, England","Sentinel","2015-42",2015-10-12,28,0,28,0,0
"564","United Kingdom, England","Sentinel","2015-43",2015-10-19,48,0,47,0,0
"565","United Kingdom, England","Sentinel","2015-44",2015-10-26,32,0,32,0,0
"566","United Kingdom, England","Sentinel","2015-45",2015-11-02,40,0,40,0,0
"567","United Kingdom, England","Sentinel","2015-46",2015-11-09,69,0,68,0,0
"568","United Kingdom, England","Sentinel","2015-47",2015-11-16,70,1,66,1,0
"569","United Kingdom, England","Sentinel","2015-48",2015-11-23,66,0,65,0,0
"570","United Kingdom, England","Sentinel","2015-49",2015-11-30,77,1,74,1,0
"571","United Kingdom, England","Sentinel","2015-50",2015-12-07,80,0,77,0,0
"572","United Kingdom, England","Sentinel","2015-51",2015-12-14,103,1,90,1,0
"573","United Kingdom, England","Sentinel","2015-52",2015-12-21,79,0,69,0,0
"574","United Kingdom, England","Sentinel","2015-53",2015-12-28,51,0,37,0,0
"575","United Kingdom, England","Sentinel","2016-01",2016-01-04,130,0,112,0,0
"576","United Kingdom, England","Sentinel","2016-02",2016-01-11,109,0,89,0,0
"577","United Kingdom, England","Sentinel","2016-03",2016-01-18,130,0,102,0,0
"578","United Kingdom, England","Sentinel","2016-04",2016-01-25,150,2,90,2,0
"579","United Kingdom, England","Sentinel","2016-05",2016-02-01,168,2,105,2,0
"580","United Kingdom, England","Sentinel","2016-06",2016-02-08,164,3,105,3,0
"581","United Kingdom, England","Sentinel","2016-07",2016-02-15,126,0,79,0,0
"582","United Kingdom, England","Sentinel","2016-08",2016-02-22,154,0,86,0,0
"583","United Kingdom, England","Sentinel","2016-09",2016-02-29,168,2,104,2,0
"584","United Kingdom, England","Sentinel","2016-10",2016-03-07,152,1,76,1,0
"585","United Kingdom, England","Sentinel","2016-11",2016-03-14,171,1,70,1,0
"586","United Kingdom, England","Sentinel","2016-12",2016-03-21,112,1,55,1,0
"587","United Kingdom, England","Sentinel","2016-13",2016-03-28,100,4,47,4,0
"588","United Kingdom, England","Sentinel","2016-14",2016-04-04,81,0,53,0,0
"589","United Kingdom, England","Sentinel","2016-15",2016-04-11,70,2,54,2,0
"590","United Kingdom, England","Sentinel","2016-16",2016-04-18,47,2,37,2,0
"591","United Kingdom, England","Sentinel","2016-17",2016-04-25,30,3,25,3,0
"592","United Kingdom, England","Sentinel","2016-18",2016-05-02,13,0,11,0,0
"593","United Kingdom, England","Sentinel","2016-19",2016-05-09,13,0,9,0,0
"594","United Kingdom, England","Sentinel","2016-20",2016-05-16,5,0,4,0,0
"595","United Kingdom, England","Sentinel","2016-21",2016-05-23,8,0,8,0,0
"596","United Kingdom, England","Sentinel","2016-22",2016-05-30,1,0,1,0,0
"597","United Kingdom, England","Sentinel","2016-40",2016-10-03,39,0,39,0,0
"598","United Kingdom, England","Sentinel","2016-41",2016-10-10,64,0,64,0,0
"599","United Kingdom, England","Sentinel","2016-42",2016-10-17,67,0,67,0,0
"600","United Kingdom, England","Sentinel","2016-43",2016-10-24,67,1,66,1,0
"601","United Kingdom, England","Sentinel","2016-44",2016-10-31,68,0,68,0,0
"602","United Kingdom, England","Sentinel","2016-45",2016-11-07,65,2,63,2,0
"603","United Kingdom, England","Sentinel","2016-46",2016-11-14,73,3,69,3,0
"604","United Kingdom, England","Sentinel","2016-47",2016-11-21,82,3,78,3,0
"605","United Kingdom, England","Sentinel","2016-48",2016-11-28,78,2,76,2,0
"606","United Kingdom, England","Sentinel","2016-49",2016-12-05,99,12,87,12,0
"607","United Kingdom, England","Sentinel","2016-50",2016-12-12,136,37,97,37,0
"608","United Kingdom, England","Sentinel","2016-51",2016-12-19,148,40,108,40,0
"609","United Kingdom, England","Sentinel","2016-52",2016-12-26,60,25,35,25,0
"610","United Kingdom, England","Sentinel","2017-01",2017-01-02,99,42,57,42,0
"611","United Kingdom, England","Sentinel","2017-02",2017-01-09,145,52,93,52,0
"612","United Kingdom, England","Sentinel","2017-03",2017-01-16,126,47,79,47,0
"613","United Kingdom, England","Sentinel","2017-04",2017-01-23,106,34,72,34,0
"614","United Kingdom, England","Sentinel","2017-05",2017-01-30,108,42,66,42,0
"615","United Kingdom, England","Sentinel","2017-06",2017-02-06,82,23,59,23,0
"616","United Kingdom, England","Sentinel","2017-07",2017-02-13,60,21,39,21,0
"617","United Kingdom, England","Sentinel","2017-08",2017-02-20,51,11,39,11,0
"618","United Kingdom, England","Sentinel","2017-09",2017-02-27,28,8,20,8,0
"619","United Kingdom, England","Sentinel","2017-10",2017-03-06,42,4,38,4,0
"620","United Kingdom, England","Sentinel","2017-11",2017-03-13,41,3,38,3,0
"621","United Kingdom, England","Sentinel","2017-12",2017-03-20,39,3,36,3,0
"622","United Kingdom, England","Sentinel","2017-13",2017-03-27,11,0,11,0,0
"623","United Kingdom, England","Sentinel","2017-14",2017-04-03,3,0,3,0,0
"624","United Kingdom, England","Sentinel","2017-15",2017-04-10,3,0,3,0,0
"625","United Kingdom, England","Sentinel","2017-16",2017-04-17,3,0,3,0,0
"626","United Kingdom, England","Sentinel","2017-17",2017-04-24,0,0,0,0,0
"627","United Kingdom, England","Sentinel","2017-18",2017-05-01,2,0,2,0,0
"628","United Kingdom, England","Sentinel","2017-19",2017-05-08,1,0,1,0,0
"629","United Kingdom, England","Sentinel","2017-20",2017-05-15,0,0,0,0,0
"630","United Kingdom, England","Sentinel","2017-40",2017-10-02,3,0,3,0,0
"631","United Kingdom, England","Sentinel","2017-41",2017-10-09,42,0,42,0,0
"632","United Kingdom, England","Sentinel","2017-42",2017-10-16,87,1,86,1,0
"633","United Kingdom, England","Sentinel","2017-43",2017-10-23,68,1,67,1,0
"634","United Kingdom, England","Sentinel","2017-44",2017-10-30,65,0,65,0,0
"635","United Kingdom, England","Sentinel","2017-45",2017-11-06,67,1,61,1,0
"636","United Kingdom, England","Sentinel","2017-46",2017-11-13,63,1,60,1,0
"637","United Kingdom, England","Sentinel","2017-47",2017-11-20,70,1,64,1,0
"638","United Kingdom, England","Sentinel","2017-48",2017-11-27,73,0,68,0,0
"639","United Kingdom, England","Sentinel","2017-49",2017-12-04,76,2,67,2,0
"640","United Kingdom, England","Sentinel","2017-50",2017-12-11,95,2,81,2,0
"641","United Kingdom, England","Sentinel","2017-51",2017-12-18,128,11,80,11,0
"642","United Kingdom, England","Sentinel","2017-52",2017-12-25,97,14,55,14,0
"643","United Kingdom, England","Sentinel","2018-01",2018-01-01,194,9,127,9,0
"644","United Kingdom, England","Sentinel","2018-02",2018-01-08,239,17,141,17,0
"645","United Kingdom, England","Sentinel","2018-03",2018-01-15,230,17,125,17,0
"646","United Kingdom, England","Sentinel","2018-04",2018-01-22,223,22,117,22,0
"647","United Kingdom, England","Sentinel","2018-05",2018-01-29,156,13,76,13,0
"648","United Kingdom, England","Sentinel","2018-06",2018-02-05,111,13,61,13,0
"649","United Kingdom, England","Sentinel","2018-07",2018-02-12,126,20,63,20,0
"650","United Kingdom, England","Sentinel","2018-08",2018-02-19,106,11,54,11,0
"651","United Kingdom, England","Sentinel","2018-09",2018-02-26,50,8,26,8,0
"652","United Kingdom, England","Sentinel","2018-10",2018-03-05,56,10,30,10,0
"653","United Kingdom, England","Sentinel","2018-11",2018-03-12,69,21,30,21,0
"654","United Kingdom, England","Sentinel","2018-12",2018-03-19,38,6,23,6,0
"655","United Kingdom, England","Sentinel","2018-13",2018-03-26,28,8,15,8,0
"656","United Kingdom, England","Sentinel","2018-14",2018-04-02,9,2,6,2,0
"657","United Kingdom, England","Sentinel","2018-15",2018-04-09,13,1,9,1,0
"658","United Kingdom, England","Sentinel","2018-16",2018-04-16,6,0,5,0,0
"659","United Kingdom, England","Sentinel","2018-17",2018-04-23,1,0,1,0,0
"660","United Kingdom, England","Sentinel","2018-18",2018-04-30,0,0,0,0,0
"661","United Kingdom, England","Sentinel","2018-19",2018-05-07,1,0,1,0,0
"662","United Kingdom, England","Sentinel","2018-20",2018-05-14,2,0,2,0,0
"663","United Kingdom, England","Sentinel","2018-40",2018-10-01,0,0,0,0,0
"664","United Kingdom, England","Sentinel","2018-41",2018-10-08,18,0,18,0,0
"665","United Kingdom, England","Sentinel","2018-42",2018-10-15,29,0,29,0,0
"666","United Kingdom, England","Sentinel","2018-43",2018-10-22,43,0,39,0,0
"667","United Kingdom, England","Sentinel","2018-44",2018-10-29,35,0,33,0,0
"668","United Kingdom, England","Sentinel","2018-45",2018-11-05,48,0,47,0,0
"669","United Kingdom, England","Sentinel","2018-46",2018-11-12,57,2,54,2,0
"670","United Kingdom, England","Sentinel","2018-47",2018-11-19,83,1,82,1,0
"671","United Kingdom, England","Sentinel","2018-48",2018-11-26,85,2,79,2,0
"672","United Kingdom, England","Sentinel","2018-49",2018-12-03,61,0,57,0,0
"673","United Kingdom, England","Sentinel","2018-50",2018-12-10,64,0,61,0,0
"674","United Kingdom, England","Sentinel","2018-51",2018-12-17,92,3,82,3,0
"675","United Kingdom, England","Sentinel","2018-52",2018-12-24,45,1,34,1,0
"676","United Kingdom, England","Sentinel","2019-01",2018-12-31,64,2,45,2,0
"677","United Kingdom, England","Sentinel","2019-02",2019-01-07,125,8,89,8,0
"678","United Kingdom, England","Sentinel","2019-03",2019-01-14,125,5,69,5,0
"679","United Kingdom, England","Sentinel","2019-04",2019-01-21,115,12,57,12,0
"680","United Kingdom, England","Sentinel","2019-05",2019-01-28,160,12,76,12,0
"681","United Kingdom, England","Sentinel","2019-06",2019-02-04,174,21,75,21,0
"682","United Kingdom, England","Sentinel","2019-07",2019-02-11,177,28,93,28,0
"683","United Kingdom, England","Sentinel","2019-08",2019-02-18,95,9,55,9,0
"684","United Kingdom, England","Sentinel","2019-09",2019-02-25,68,9,49,9,0
"685","United Kingdom, England","Sentinel","2019-10",2019-03-04,55,9,39,9,0
"686","United Kingdom, England","Sentinel","2019-11",2019-03-11,36,3,28,3,0
"687","United Kingdom, England","Sentinel","2019-12",2019-03-18,32,3,26,3,0
"688","United Kingdom, England","Sentinel","2019-13",2019-03-25,28,7,21,7,0
"689","United Kingdom, England","Sentinel","2019-14",2019-04-01,15,4,10,4,0
"690","United Kingdom, England","Sentinel","2019-15",2019-04-08,1,0,1,0,0
"691","United Kingdom, England","Sentinel","2019-16",2019-04-15,7,0,7,0,0
"692","United Kingdom, England","Sentinel","2019-17",2019-04-22,6,0,6,0,0
"693","United Kingdom, England","Sentinel","2019-18",2019-04-29,7,0,7,0,0
"694","United Kingdom, England","Sentinel","2019-19",2019-05-06,0,0,0,0,0
"695","United Kingdom, England","Sentinel","2019-20",2019-05-13,1,0,1,0,0
"696","United Kingdom, England","Sentinel","2019-40",2019-09-30,0,0,0,0,0
"697","United Kingdom, England","Sentinel","2019-41",2019-10-07,79,0,77,0,0
"698","United Kingdom, England","Sentinel","2019-42",2019-10-14,118,4,114,4,0
"699","United Kingdom, England","Sentinel","2019-43",2019-10-21,241,8,231,8,0
"700","United Kingdom, England","Sentinel","2019-44",2019-10-28,267,9,258,9,0
"701","United Kingdom, England","Sentinel","2019-45",2019-11-04,138,9,128,9,0
"702","United Kingdom, England","Sentinel","2019-46",2019-11-11,138,11,124,11,0
"703","United Kingdom, England","Sentinel","2019-47",2019-11-18,151,32,115,32,0
"704","United Kingdom, England","Sentinel","2019-48",2019-11-25,161,25,136,25,0
"705","United Kingdom, England","Sentinel","2020-01",2019-12-30,201,68,121,68,0
"706","United Kingdom, England","Sentinel","2020-02",2020-01-06,204,42,154,42,0
"707","United Kingdom, England","Sentinel","2020-03",2020-01-13,139,14,114,14,0
"708","United Kingdom, England","Sentinel","2020-04",2020-01-20,89,4,73,4,0
"709","United Kingdom, England","Sentinel","2020-05",2020-01-27,143,6,124,6,0
"710","United Kingdom, England","Sentinel","2020-06",2020-02-03,157,8,129,8,0
"711","United Kingdom, England","Sentinel","2020-07",2020-02-10,133,5,111,5,0
"712","United Kingdom, England","Sentinel","2020-08",2020-02-17,81,3,76,3,0
"713","United Kingdom, England","Sentinel","2020-09",2020-02-24,113,0,100,0,0
"714","United Kingdom, England","Sentinel","2020-10",2020-03-02,245,2,224,2,0
"715","United Kingdom, England","Sentinel","2020-11",2020-03-09,351,4,328,4,0
"716","United Kingdom, England","Sentinel","2020-12",2020-03-16,253,0,243,0,0
"717","United Kingdom, England","Sentinel","2020-13",2020-03-23,214,0,212,0,0
"718","United Kingdom, England","Sentinel","2020-14",2020-03-30,143,0,142,0,0
"719","United Kingdom, England","Sentinel","2020-15",2020-04-06,0,0,0,0,0
"720","United Kingdom, England","Sentinel","2020-16",2020-04-13,0,0,0,0,0
"721","United Kingdom, England","Sentinel","2020-17",2020-04-20,0,0,0,0,0
"722","United Kingdom, England","Sentinel","2020-18",2020-04-27,0,0,0,0,0
"723","United Kingdom, England","Sentinel","2020-19",2020-05-04,0,0,0,0,0
"724","United Kingdom, England","Sentinel","2020-20",2020-05-11,0,0,0,0,0
"725","United Kingdom, England","Sentinel","2020-40",2020-09-28,217,0,217,0,0
"726","United Kingdom, England","Sentinel","2020-41",2020-10-05,221,0,221,0,0
"727","United Kingdom, England","Sentinel","2020-42",2020-10-12,248,0,248,0,0
"728","United Kingdom, England","Sentinel","2020-43",2020-10-19,276,0,276,0,0
"729","United Kingdom, England","Sentinel","2020-44",2020-10-26,272,0,272,0,0
"730","United Kingdom, England","Sentinel","2020-45",2020-11-02,295,0,295,0,0
"731","United Kingdom, England","Sentinel","2020-46",2020-11-09,338,0,338,0,0
"732","United Kingdom, England","Sentinel","2020-47",2020-11-16,382,0,382,0,0
"733","United Kingdom, England","Sentinel","2020-48",2020-11-23,246,0,246,0,0
"734","United Kingdom, England","Sentinel","2020-49",2020-11-30,203,0,203,0,0
"735","United Kingdom, England","Sentinel","2020-50",2020-12-07,267,0,267,0,0
"736","United Kingdom, England","Sentinel","2020-51",2020-12-14,290,0,290,0,0
"737","United Kingdom, England","Sentinel","2020-52",2020-12-21,156,0,156,0,0
"738","United Kingdom, England","Sentinel","2020-53",2020-12-28,96,0,96,0,0
"739","United Kingdom, England","Sentinel","2021-01",2021-01-04,296,0,296,0,0
"740","United Kingdom, England","Sentinel","2021-02",2021-01-11,409,0,409,0,0
"741","United Kingdom, England","Sentinel","2021-03",2021-01-18,320,0,320,0,0
"742","United Kingdom, England","Sentinel","2021-04",2021-01-25,219,0,219,0,0
"743","United Kingdom, England","Sentinel","2021-05",2021-02-01,219,0,219,0,0
"744","United Kingdom, England","Sentinel","2021-06",2021-02-08,169,0,169,0,0
"745","United Kingdom, England","Sentinel","2021-07",2021-02-15,151,0,151,0,0
"746","United Kingdom, England","Sentinel","2021-08",2021-02-22,163,0,163,0,0
"747","United Kingdom, England","Sentinel","2021-09",2021-03-01,146,0,146,0,0
"748","United Kingdom, England","Sentinel","2021-10",2021-03-08,92,0,92,0,0
"749","United Kingdom, England","Sentinel","2021-11",2021-03-15,84,0,84,0,0
"750","United Kingdom, England","Sentinel","2021-12",2021-03-22,84,0,84,0,0
"751","United Kingdom, England","Sentinel","2021-13",2021-03-29,67,0,67,0,0
"752","United Kingdom, England","Sentinel","2021-14",2021-04-05,43,0,43,0,0
"753","United Kingdom, England","Sentinel","2021-15",2021-04-12,70,0,70,0,0
"754","United Kingdom, England","Sentinel","2021-16",2021-04-19,48,0,48,0,0
"755","United Kingdom, England","Sentinel","2021-17",2021-04-26,51,0,51,0,0
"756","United Kingdom, England","Sentinel","2021-18",2021-05-03,39,0,39,0,0
"757","United Kingdom, England","Sentinel","2021-19",2021-05-10,51,0,51,0,0
"758","United Kingdom, England","Sentinel","2021-20",2021-05-17,58,0,58,0,0
"759","United Kingdom, England","Sentinel","2021-40",2021-10-04,86,1,85,1,0
"760","United Kingdom, England","Sentinel","2021-41",2021-10-11,120,0,120,0,0
"761","United Kingdom, England","Sentinel","2021-42",2021-10-18,84,0,84,0,0
"762","United Kingdom, England","Sentinel","2021-43",2021-10-25,82,2,80,2,0
"763","United Kingdom, England","Sentinel","2021-44",2021-11-01,66,0,66,0,0
"764","United Kingdom, England","Sentinel","2021-45",2021-11-08,87,0,86,0,0
"765","United Kingdom, England","Sentinel","2021-46",2021-11-15,75,0,74,0,0
"766","United Kingdom, England","Sentinel","2021-47",2021-11-22,129,1,128,1,0
"767","United Kingdom, England","Sentinel","2021-48",2021-11-29,95,0,95,0,0
"768","United Kingdom, England","Sentinel","2021-49",2021-12-06,129,0,128,0,0
"769","United Kingdom, England","Sentinel","2021-50",2021-12-13,86,1,85,1,0
"770","United Kingdom, England","Sentinel","2021-51",2021-12-20,68,0,68,0,0
"771","United Kingdom, England","Sentinel","2021-52",2021-12-27,39,0,39,0,0
"772","United Kingdom, England","Sentinel","2022-01",2022-01-03,50,0,50,0,0
"773","United Kingdom, England","Sentinel","2022-02",2022-01-10,96,0,96,0,0
"774","United Kingdom, England","Sentinel","2022-03",2022-01-17,79,0,79,0,0
"775","United Kingdom, England","Sentinel","2022-04",2022-01-24,59,0,59,0,0
"776","United Kingdom, England","Sentinel","2022-05",2022-01-31,76,2,74,2,0
"777","United Kingdom, England","Sentinel","2022-06",2022-02-07,64,0,64,0,0
"778","United Kingdom, England","Sentinel","2022-07",2022-02-14,36,0,36,0,0
"779","United Kingdom, England","Sentinel","2022-08",2022-02-21,70,1,69,1,0
"780","United Kingdom, England","Sentinel","2022-09",2022-02-28,55,0,55,0,0
"781","United Kingdom, England","Sentinel","2022-10",2022-03-07,62,4,58,4,0
"782","United Kingdom, England","Sentinel","2022-11",2022-03-14,87,4,83,4,0
"783","United Kingdom, England","Sentinel","2022-12",2022-03-21,107,7,99,7,0
"784","United Kingdom, England","Sentinel","2022-13",2022-03-28,103,3,98,3,0
"785","United Kingdom, England","Sentinel","2022-14",2022-04-04,99,5,94,5,0
"786","United Kingdom, England","Sentinel","2022-15",2022-04-11,57,4,53,4,0
"787","United Kingdom, England","Sentinel","2022-16",2022-04-18,53,5,48,5,0
"788","United Kingdom, England","Sentinel","2022-17",2022-04-25,35,2,33,2,0
"789","United Kingdom, England","Sentinel","2022-18",2022-05-02,25,4,21,4,0
"790","United Kingdom, England","Sentinel","2022-19",2022-05-09,46,2,44,2,0
"791","United Kingdom, England","Sentinel","2022-20",2022-05-16,45,2,42,2,0
"792","United Kingdom, England","Sentinel","2022-38",2022-09-19,1,0,0,0,0
