"","Country area or territory","Surveillance site type","Year-week (ISO 8601 calendar)","Week start date (ISO 8601 calendar)","Specimen tested","Influenza positive","Influenza negative","A (H1N1)pdm09","A (H3)","A not subtyped","B (lineage not determined)"
"1","United Kingdom, England","Non-sentinel","2013-40",2013-09-30,7,7,0,0,0,3,4
"2","United Kingdom, England","Non-sentinel","2013-41",2013-10-07,4,4,0,0,2,1,1
"3","United Kingdom, England","Non-sentinel","2013-42",2013-10-14,4,4,0,1,1,2,0
"4","United Kingdom, England","Non-sentinel","2013-43",2013-10-21,4,4,0,0,0,4,0
"5","United Kingdom, England","Non-sentinel","2013-44",2013-10-28,8,8,0,1,3,4,0
"6","United Kingdom, England","Non-sentinel","2013-45",2013-11-04,16,16,0,3,10,2,1
"7","United Kingdom, England","Non-sentinel","2013-46",2013-11-11,11,11,0,2,1,3,5
"8","United Kingdom, England","Non-sentinel","2013-47",2013-11-18,9,9,0,0,0,4,5
"9","United Kingdom, England","Non-sentinel","2013-48",2013-11-25,18,18,0,2,0,6,10
"10","United Kingdom, England","Non-sentinel","2013-49",2013-12-02,10,10,0,3,1,5,1
"11","United Kingdom, England","Non-sentinel","2013-50",2013-12-09,18,18,0,1,2,15,0
"12","United Kingdom, England","Non-sentinel","2013-51",2013-12-16,24,24,0,1,3,13,7
"13","United Kingdom, England","Non-sentinel","2013-52",2013-12-23,23,23,0,2,4,15,2
"14","United Kingdom, England","Non-sentinel","2014-01",2013-12-30,59,59,0,11,3,44,1
"15","United Kingdom, England","Non-sentinel","2014-02",2014-01-06,55,55,0,9,1,41,4
"16","United Kingdom, England","Non-sentinel","2014-03",2014-01-13,79,79,0,13,4,59,3
"17","United Kingdom, England","Non-sentinel","2014-04",2014-01-20,71,71,0,18,3,44,6
"18","United Kingdom, England","Non-sentinel","2014-05",2014-01-27,110,110,0,16,12,82,0
"19","United Kingdom, England","Non-sentinel","2014-06",2014-02-03,152,152,0,33,8,107,4
"20","United Kingdom, England","Non-sentinel","2014-07",2014-02-10,153,153,0,32,6,111,4
"21","United Kingdom, England","Non-sentinel","2014-08",2014-02-17,161,161,0,39,4,113,5
"22","United Kingdom, England","Non-sentinel","2014-09",2014-02-24,215,215,0,24,9,176,6
"23","United Kingdom, England","Non-sentinel","2014-10",2014-03-03,170,170,0,32,12,126,0
"24","United Kingdom, England","Non-sentinel","2014-11",2014-03-10,194,194,0,26,4,159,5
"25","United Kingdom, England","Non-sentinel","2014-12",2014-03-17,144,144,0,20,3,119,2
"26","United Kingdom, England","Non-sentinel","2014-13",2014-03-24,119,119,0,16,2,93,8
"27","United Kingdom, England","Non-sentinel","2014-14",2014-03-31,102,102,0,17,7,78,0
"28","United Kingdom, England","Non-sentinel","2014-15",2014-04-07,94,94,0,10,2,77,5
"29","United Kingdom, England","Non-sentinel","2014-16",2014-04-14,37,37,0,2,2,30,3
"30","United Kingdom, England","Non-sentinel","2014-17",2014-04-21,62,62,0,5,1,42,14
"31","United Kingdom, England","Non-sentinel","2014-18",2014-04-28,56,56,0,9,4,31,12
"32","United Kingdom, England","Non-sentinel","2014-19",2014-05-05,30,30,0,0,0,27,3
"33","United Kingdom, England","Non-sentinel","2014-20",2014-05-12,25,25,0,0,2,17,6
"34","United Kingdom, England","Non-sentinel","2014-40",2014-09-29,5,5,0,0,0,3,2
"35","United Kingdom, England","Non-sentinel","2014-41",2014-10-06,3,3,0,0,1,1,1
"36","United Kingdom, England","Non-sentinel","2014-42",2014-10-13,8,8,0,0,2,4,2
"37","United Kingdom, England","Non-sentinel","2014-43",2014-10-20,7,7,0,0,0,5,2
"38","United Kingdom, England","Non-sentinel","2014-44",2014-10-27,12,12,0,0,1,6,5
"39","United Kingdom, England","Non-sentinel","2014-45",2014-11-03,9,9,0,0,2,6,1
"40","United Kingdom, England","Non-sentinel","2014-46",2014-11-10,14,14,0,0,5,6,3
"41","United Kingdom, England","Non-sentinel","2014-47",2014-11-17,9,9,0,0,0,6,3
"42","United Kingdom, England","Non-sentinel","2014-48",2014-11-24,14,14,0,0,4,9,1
"43","United Kingdom, England","Non-sentinel","2014-49",2014-12-01,31,31,0,0,2,28,1
"44","United Kingdom, England","Non-sentinel","2014-50",2014-12-08,27,27,0,0,3,24,0
"45","United Kingdom, England","Non-sentinel","2015-40",2015-09-28,14,14,0,0,3,5,6
"46","United Kingdom, England","Non-sentinel","2015-41",2015-10-05,31,31,0,6,2,21,2
"47","United Kingdom, England","Non-sentinel","2015-42",2015-10-12,18,18,0,7,0,6,5
"48","United Kingdom, England","Non-sentinel","2015-43",2015-10-19,15,15,0,5,1,5,4
"49","United Kingdom, England","Non-sentinel","2015-44",2015-10-26,21,21,0,0,1,12,8
"50","United Kingdom, England","Non-sentinel","2015-45",2015-11-02,20,20,0,1,0,16,3
"51","United Kingdom, England","Non-sentinel","2015-46",2015-11-09,22,22,0,2,2,8,10
"52","United Kingdom, England","Non-sentinel","2015-47",2015-11-16,20,20,0,2,1,12,5
"53","United Kingdom, England","Non-sentinel","2015-48",2015-11-23,22,22,0,3,0,10,9
"54","United Kingdom, England","Non-sentinel","2015-49",2015-11-30,37,37,0,1,0,23,13
"55","United Kingdom, England","Non-sentinel","2015-50",2015-12-07,34,34,0,9,0,16,9
"56","United Kingdom, England","Non-sentinel","2015-51",2015-12-14,85,85,0,17,1,59,8
"57","United Kingdom, England","Non-sentinel","2015-52",2015-12-21,98,98,0,17,0,71,10
"58","United Kingdom, England","Non-sentinel","2015-53",2015-12-28,117,117,0,11,0,92,14
"59","United Kingdom, England","Non-sentinel","2016-01",2016-01-04,217,217,0,69,3,135,10
"60","United Kingdom, England","Non-sentinel","2016-02",2016-01-11,184,184,0,32,2,128,22
"61","United Kingdom, England","Non-sentinel","2016-03",2016-01-18,231,231,0,47,1,163,20
"62","United Kingdom, England","Non-sentinel","2016-04",2016-01-25,425,425,0,65,0,333,27
"63","United Kingdom, England","Non-sentinel","2016-05",2016-02-01,484,484,0,69,1,370,44
"64","United Kingdom, England","Non-sentinel","2016-06",2016-02-08,472,472,0,79,0,349,44
"65","United Kingdom, England","Non-sentinel","2016-07",2016-02-15,543,543,0,58,1,433,51
"66","United Kingdom, England","Non-sentinel","2016-08",2016-02-22,544,544,0,46,0,425,73
"67","United Kingdom, England","Non-sentinel","2016-09",2016-02-29,613,613,0,28,0,472,113
"68","United Kingdom, England","Non-sentinel","2016-10",2016-03-07,659,659,0,26,1,449,183
"69","United Kingdom, England","Non-sentinel","2016-11",2016-03-14,899,899,0,23,0,595,281
"70","United Kingdom, England","Non-sentinel","2016-12",2016-03-21,729,729,0,11,1,404,313
"71","United Kingdom, England","Non-sentinel","2016-13",2016-03-28,688,688,0,16,0,342,330
"72","United Kingdom, England","Non-sentinel","2016-14",2016-04-04,491,491,0,11,0,188,292
"73","United Kingdom, England","Non-sentinel","2016-15",2016-04-11,415,415,0,8,0,156,251
"74","United Kingdom, England","Non-sentinel","2016-16",2016-04-18,222,222,0,1,1,51,169
"75","United Kingdom, England","Non-sentinel","2016-17",2016-04-25,187,187,0,1,2,61,123
"76","United Kingdom, England","Non-sentinel","2016-18",2016-05-02,157,157,0,1,0,52,104
"77","United Kingdom, England","Non-sentinel","2016-19",2016-05-09,110,110,0,0,1,37,72
"78","United Kingdom, England","Non-sentinel","2016-20",2016-05-16,63,63,0,0,0,20,43
"79","United Kingdom, England","Non-sentinel","2016-21",2016-05-23,30,30,0,0,0,5,25
"80","United Kingdom, England","Non-sentinel","2016-22",2016-05-30,23,23,0,0,0,12,11
"81","United Kingdom, England","Non-sentinel","2016-40",2016-10-03,14,14,0,1,1,8,4
"82","United Kingdom, England","Non-sentinel","2016-41",2016-10-10,10,10,0,0,1,7,2
"83","United Kingdom, England","Non-sentinel","2016-42",2016-10-17,14,14,0,0,0,10,4
"84","United Kingdom, England","Non-sentinel","2016-43",2016-10-24,9,9,0,0,3,5,1
"85","United Kingdom, England","Non-sentinel","2016-44",2016-10-31,21,21,0,0,4,13,4
"86","United Kingdom, England","Non-sentinel","2016-45",2016-11-07,20,20,0,0,1,17,2
"87","United Kingdom, England","Non-sentinel","2016-46",2016-11-14,46,46,0,0,2,41,3
"88","United Kingdom, England","Non-sentinel","2016-47",2016-11-21,23,23,0,0,1,22,0
"89","United Kingdom, England","Non-sentinel","2016-48",2016-11-28,61,61,0,0,7,52,2
"90","United Kingdom, England","Non-sentinel","2016-49",2016-12-05,135,135,0,0,7,121,7
"91","United Kingdom, England","Non-sentinel","2016-50",2016-12-12,204,204,0,0,12,186,6
"92","United Kingdom, England","Non-sentinel","2016-51",2016-12-19,374,374,0,1,17,348,8
"93","United Kingdom, England","Non-sentinel","2016-52",2016-12-26,416,416,0,0,11,396,9
"94","United Kingdom, England","Non-sentinel","2017-01",2017-01-02,646,646,0,0,13,625,8
"95","United Kingdom, England","Non-sentinel","2017-02",2017-01-09,897,897,0,0,5,865,27
"96","United Kingdom, England","Non-sentinel","2017-03",2017-01-16,681,681,0,0,13,657,11
"97","United Kingdom, England","Non-sentinel","2017-04",2017-01-23,794,794,0,0,8,764,22
"98","United Kingdom, England","Non-sentinel","2017-05",2017-01-30,824,824,0,1,12,773,38
"99","United Kingdom, England","Non-sentinel","2017-06",2017-02-06,579,579,0,1,9,547,22
"100","United Kingdom, England","Non-sentinel","2017-07",2017-02-13,379,379,0,0,7,348,24
"101","United Kingdom, England","Non-sentinel","2017-08",2017-02-20,445,445,0,0,11,407,27
"102","United Kingdom, England","Non-sentinel","2017-09",2017-02-27,321,321,0,0,2,293,26
"103","United Kingdom, England","Non-sentinel","2017-10",2017-03-06,162,162,0,1,13,123,25
"104","United Kingdom, England","Non-sentinel","2017-11",2017-03-13,95,95,0,0,7,73,15
"105","United Kingdom, England","Non-sentinel","2017-12",2017-03-20,78,78,0,0,2,58,18
"106","United Kingdom, England","Non-sentinel","2017-13",2017-03-27,68,68,0,0,1,33,34
"107","United Kingdom, England","Non-sentinel","2017-14",2017-04-03,64,64,0,0,2,36,26
"108","United Kingdom, England","Non-sentinel","2017-15",2017-04-10,38,38,0,1,0,17,20
"109","United Kingdom, England","Non-sentinel","2017-16",2017-04-17,41,41,0,0,1,15,25
"110","United Kingdom, England","Non-sentinel","2017-17",2017-04-24,49,49,0,0,1,17,31
"111","United Kingdom, England","Non-sentinel","2017-18",2017-05-01,36,36,0,0,0,6,30
"112","United Kingdom, England","Non-sentinel","2017-19",2017-05-08,36,36,0,0,0,11,25
"113","United Kingdom, England","Non-sentinel","2017-20",2017-05-15,49,49,0,0,0,16,33
"114","United Kingdom, England","Non-sentinel","2017-40",2017-10-02,34,34,0,2,1,22,9
"115","United Kingdom, England","Non-sentinel","2017-41",2017-10-09,36,36,0,1,2,21,12
"116","United Kingdom, England","Non-sentinel","2017-42",2017-10-16,21,21,0,0,1,14,6
"117","United Kingdom, England","Non-sentinel","2017-43",2017-10-23,23,23,0,0,1,17,5
"118","United Kingdom, England","Non-sentinel","2017-44",2017-10-30,26,26,0,0,2,18,6
"119","United Kingdom, England","Non-sentinel","2017-45",2017-11-06,29,29,0,0,3,18,8
"120","United Kingdom, England","Non-sentinel","2017-46",2017-11-13,51,51,0,2,9,25,15
"121","United Kingdom, England","Non-sentinel","2017-47",2017-11-20,78,78,0,3,1,46,28
"122","United Kingdom, England","Non-sentinel","2017-48",2017-11-27,73,73,0,5,5,44,19
"123","United Kingdom, England","Non-sentinel","2017-49",2017-12-04,166,166,0,12,5,90,59
"124","United Kingdom, England","Non-sentinel","2017-50",2017-12-11,296,296,0,13,7,139,137
"125","United Kingdom, England","Non-sentinel","2017-51",2017-12-18,765,765,0,17,10,338,400
"126","United Kingdom, England","Non-sentinel","2017-52",2017-12-25,1075,1075,0,3,4,425,643
"127","United Kingdom, England","Non-sentinel","2018-01",2018-01-01,1967,1967,0,11,6,829,1121
"128","United Kingdom, England","Non-sentinel","2018-02",2018-01-08,2289,2289,0,11,3,902,1373
"129","United Kingdom, England","Non-sentinel","2018-03",2018-01-15,2321,2321,0,26,20,858,1417
"130","United Kingdom, England","Non-sentinel","2018-04",2018-01-22,2404,2404,0,11,16,961,1416
"131","United Kingdom, England","Non-sentinel","2018-05",2018-01-29,2150,2150,0,21,6,935,1188
"132","United Kingdom, England","Non-sentinel","2018-06",2018-02-05,1776,1776,0,5,3,778,990
"133","United Kingdom, England","Non-sentinel","2018-07",2018-02-12,1895,1895,0,2,6,905,982
"134","United Kingdom, England","Non-sentinel","2018-08",2018-02-19,2488,2488,0,11,21,1287,1169
"135","United Kingdom, England","Non-sentinel","2018-09",2018-02-26,1662,1662,0,6,10,879,767
"136","United Kingdom, England","Non-sentinel","2018-10",2018-03-05,2026,2026,0,6,2,1159,859
"137","United Kingdom, England","Non-sentinel","2018-11",2018-03-12,1664,1664,0,5,8,1000,651
"138","United Kingdom, England","Non-sentinel","2018-12",2018-03-19,1312,1312,0,4,6,911,391
"139","United Kingdom, England","Non-sentinel","2018-13",2018-03-26,994,994,0,2,8,712,272
"140","United Kingdom, England","Non-sentinel","2018-14",2018-04-02,843,843,0,2,6,647,188
"141","United Kingdom, England","Non-sentinel","2018-15",2018-04-09,590,590,0,5,8,457,120
"142","United Kingdom, England","Non-sentinel","2018-16",2018-04-16,282,282,0,1,1,216,64
"143","United Kingdom, England","Non-sentinel","2018-17",2018-04-23,117,117,0,1,2,80,34
"144","United Kingdom, England","Non-sentinel","2018-18",2018-04-30,68,68,0,0,0,58,10
"145","United Kingdom, England","Non-sentinel","2018-19",2018-05-07,61,61,0,0,0,43,18
"146","United Kingdom, England","Non-sentinel","2018-20",2018-05-14,44,44,0,0,0,33,11
"147","United Kingdom, England","Non-sentinel","2018-40",2018-10-01,17,17,0,0,0,11,6
"148","United Kingdom, England","Non-sentinel","2018-41",2018-10-08,18,18,0,0,0,18,0
"149","United Kingdom, England","Non-sentinel","2018-42",2018-10-15,23,23,0,2,0,15,6
"150","United Kingdom, England","Non-sentinel","2018-43",2018-10-22,38,38,0,0,1,29,8
"151","United Kingdom, England","Non-sentinel","2018-44",2018-10-29,46,46,0,5,0,34,7
"152","United Kingdom, England","Non-sentinel","2018-45",2018-11-05,85,85,0,9,1,65,10
"153","United Kingdom, England","Non-sentinel","2018-46",2018-11-12,93,93,0,6,0,79,8
"154","United Kingdom, England","Non-sentinel","2018-47",2018-11-19,110,110,0,17,0,81,12
"155","United Kingdom, England","Non-sentinel","2018-48",2018-11-26,160,160,0,7,2,141,10
"156","United Kingdom, England","Non-sentinel","2018-49",2018-12-03,211,211,0,29,2,172,8
"157","United Kingdom, England","Non-sentinel","2018-50",2018-12-10,281,281,0,23,0,243,15
"158","United Kingdom, England","Non-sentinel","2018-51",2018-12-17,569,569,0,48,0,503,18
"159","United Kingdom, England","Non-sentinel","2018-52",2018-12-24,733,733,0,24,0,697,12
"160","United Kingdom, England","Non-sentinel","2019-01",2018-12-31,1309,1309,0,38,2,1251,18
"161","United Kingdom, England","Non-sentinel","2019-02",2019-01-07,1870,1870,0,74,3,1757,36
"162","United Kingdom, England","Non-sentinel","2019-03",2019-01-14,1819,1819,0,72,6,1713,28
"163","United Kingdom, England","Non-sentinel","2019-04",2019-01-21,2133,2133,0,65,7,2033,28
"164","United Kingdom, England","Non-sentinel","2019-05",2019-01-28,2407,2407,0,38,9,2322,38
"165","United Kingdom, England","Non-sentinel","2019-06",2019-02-04,2688,2688,0,39,20,2611,18
"166","United Kingdom, England","Non-sentinel","2019-07",2019-02-11,2871,2871,0,48,22,2766,35
"167","United Kingdom, England","Non-sentinel","2019-08",2019-02-18,2033,2033,0,21,10,1980,22
"168","United Kingdom, England","Non-sentinel","2019-09",2019-02-25,1317,1317,0,10,13,1274,20
"169","United Kingdom, England","Non-sentinel","2019-10",2019-03-04,897,897,0,9,9,865,14
"170","United Kingdom, England","Non-sentinel","2019-11",2019-03-11,673,673,0,7,5,651,10
"171","United Kingdom, England","Non-sentinel","2019-12",2019-03-18,697,697,0,5,8,674,10
"172","United Kingdom, England","Non-sentinel","2019-13",2019-03-25,504,504,0,1,9,478,16
"173","United Kingdom, England","Non-sentinel","2019-14",2019-04-01,430,430,0,0,15,399,16
"174","United Kingdom, England","Non-sentinel","2019-15",2019-04-08,428,428,0,0,10,407,11
"175","United Kingdom, England","Non-sentinel","2019-16",2019-04-15,320,320,0,1,1,310,8
"176","United Kingdom, England","Non-sentinel","2019-17",2019-04-22,334,334,0,0,2,319,13
"177","United Kingdom, England","Non-sentinel","2019-18",2019-04-29,195,195,0,1,3,178,13
"178","United Kingdom, England","Non-sentinel","2019-19",2019-05-06,92,92,0,0,1,85,6
"179","United Kingdom, England","Non-sentinel","2019-20",2019-05-13,86,86,0,0,2,73,11
"180","United Kingdom, England","Non-sentinel","2019-40",2019-09-30,88,88,0,1,13,55,19
"181","United Kingdom, England","Non-sentinel","2019-41",2019-10-07,114,114,0,2,3,84,25
"182","United Kingdom, England","Non-sentinel","2019-42",2019-10-14,112,112,0,2,9,75,26
"183","United Kingdom, England","Non-sentinel","2019-43",2019-10-21,186,186,0,1,12,148,25
"184","United Kingdom, England","Non-sentinel","2019-44",2019-10-28,249,249,0,1,16,204,28
"185","United Kingdom, England","Non-sentinel","2019-45",2019-11-04,198,198,0,2,11,172,13
"186","United Kingdom, England","Non-sentinel","2019-46",2019-11-11,249,249,0,0,9,223,17
"187","United Kingdom, England","Non-sentinel","2019-47",2019-11-18,554,554,0,0,26,501,27
"188","United Kingdom, England","Non-sentinel","2019-48",2019-11-25,1150,1150,0,1,28,1079,42
"189","United Kingdom, England","Non-sentinel","2020-01",2019-12-30,2559,2559,0,7,44,2397,111
"190","United Kingdom, England","Non-sentinel","2020-02",2020-01-06,1678,1678,0,7,43,1503,125
"191","United Kingdom, England","Non-sentinel","2020-03",2020-01-13,930,930,0,12,13,789,116
"192","United Kingdom, England","Non-sentinel","2020-04",2020-01-20,587,587,0,7,27,463,90
"193","United Kingdom, England","Non-sentinel","2020-05",2020-01-27,599,599,0,10,11,442,136
"194","United Kingdom, England","Non-sentinel","2020-06",2020-02-03,502,502,0,7,4,369,122
"195","United Kingdom, England","Non-sentinel","2020-07",2020-02-10,521,521,0,8,2,371,140
"196","United Kingdom, England","Non-sentinel","2020-08",2020-02-17,527,527,0,3,13,343,168
"197","United Kingdom, England","Non-sentinel","2020-09",2020-02-24,537,537,0,10,1,343,183
"198","United Kingdom, England","Non-sentinel","2020-10",2020-03-02,520,520,0,2,1,293,224
"199","United Kingdom, England","Non-sentinel","2020-11",2020-03-09,373,373,0,7,8,228,130
"200","United Kingdom, England","Non-sentinel","2020-12",2020-03-16,395,395,0,2,0,236,157
"201","United Kingdom, England","Non-sentinel","2020-13",2020-03-23,155,155,0,1,2,76,76
"202","United Kingdom, England","Non-sentinel","2020-14",2020-03-30,73,73,0,1,0,46,26
"203","United Kingdom, England","Non-sentinel","2020-15",2020-04-06,21,21,0,0,0,13,8
"204","United Kingdom, England","Non-sentinel","2020-16",2020-04-13,3,3,0,0,0,1,2
"205","United Kingdom, England","Non-sentinel","2020-17",2020-04-20,7,7,0,0,0,4,3
"206","United Kingdom, England","Non-sentinel","2020-18",2020-04-27,1,1,0,0,0,1,0
"207","United Kingdom, England","Non-sentinel","2020-19",2020-05-04,0,0,0,0,0,0,0
"208","United Kingdom, England","Non-sentinel","2020-20",2020-05-11,0,0,0,0,0,0,0
"209","United Kingdom, England","Non-sentinel","2020-40",2020-09-28,10,10,0,0,0,4,6
"210","United Kingdom, England","Non-sentinel","2020-41",2020-10-05,8,8,0,0,0,4,4
"211","United Kingdom, England","Non-sentinel","2020-42",2020-10-12,22,22,0,0,0,13,9
"212","United Kingdom, England","Non-sentinel","2020-43",2020-10-19,24,24,0,0,0,16,8
"213","United Kingdom, England","Non-sentinel","2020-44",2020-10-26,14,14,0,0,0,6,8
"214","United Kingdom, England","Non-sentinel","2020-45",2020-11-02,15,15,0,0,0,8,7
"215","United Kingdom, England","Non-sentinel","2020-46",2020-11-09,33,33,0,0,0,15,18
"216","United Kingdom, England","Non-sentinel","2020-47",2020-11-16,30,30,0,0,0,14,16
"217","United Kingdom, England","Non-sentinel","2020-48",2020-11-23,25,25,0,0,0,12,13
"218","United Kingdom, England","Non-sentinel","2020-49",2020-11-30,36,36,0,0,0,18,18
"219","United Kingdom, England","Non-sentinel","2020-50",2020-12-07,18,18,0,0,0,9,9
"220","United Kingdom, England","Non-sentinel","2020-51",2020-12-14,23,23,0,0,0,10,13
"221","United Kingdom, England","Non-sentinel","2020-52",2020-12-21,21,21,0,0,0,8,13
"222","United Kingdom, England","Non-sentinel","2020-53",2020-12-28,11,11,0,0,0,6,5
"223","United Kingdom, England","Non-sentinel","2021-01",2021-01-04,20,20,0,0,0,10,10
"224","United Kingdom, England","Non-sentinel","2021-02",2021-01-11,11,11,0,0,0,7,4
"225","United Kingdom, England","Non-sentinel","2021-03",2021-01-18,10,10,0,0,0,6,4
"226","United Kingdom, England","Non-sentinel","2021-04",2021-01-25,11,11,0,0,0,4,7
"227","United Kingdom, England","Non-sentinel","2021-05",2021-02-01,17,17,0,0,0,12,5
"228","United Kingdom, England","Non-sentinel","2021-06",2021-02-08,13,13,0,0,0,7,6
"229","United Kingdom, England","Non-sentinel","2021-07",2021-02-15,20,20,0,0,0,10,10
"230","United Kingdom, England","Non-sentinel","2021-08",2021-02-22,5,5,0,0,0,2,3
"231","United Kingdom, England","Non-sentinel","2021-09",2021-03-01,8,8,0,0,0,4,4
"232","United Kingdom, England","Non-sentinel","2021-10",2021-03-08,6,6,0,0,0,3,3
"233","United Kingdom, England","Non-sentinel","2021-11",2021-03-15,13,13,0,0,0,7,6
"234","United Kingdom, England","Non-sentinel","2021-12",2021-03-22,0,0,0,0,0,0,0
"235","United Kingdom, England","Non-sentinel","2021-13",2021-03-29,2,2,0,0,0,1,1
"236","United Kingdom, England","Non-sentinel","2021-14",2021-04-05,8,8,0,0,0,5,3
"237","United Kingdom, England","Non-sentinel","2021-15",2021-04-12,9,9,0,0,0,5,4
"238","United Kingdom, England","Non-sentinel","2021-16",2021-04-19,14,14,0,0,0,7,7
"239","United Kingdom, England","Non-sentinel","2021-17",2021-04-26,2,2,0,0,0,1,1
"240","United Kingdom, England","Non-sentinel","2021-18",2021-05-03,7,7,0,0,0,3,4
"241","United Kingdom, England","Non-sentinel","2021-19",2021-05-10,14,14,0,0,0,8,6
"242","United Kingdom, England","Non-sentinel","2021-20",2021-05-17,4,4,0,0,0,3,1
"243","United Kingdom, England","Non-sentinel","2021-40",2021-10-04,176,176,0,0,0,117,59
"244","United Kingdom, England","Non-sentinel","2021-41",2021-10-11,185,185,0,0,0,118,67
"245","United Kingdom, England","Non-sentinel","2021-42",2021-10-18,218,218,0,0,0,125,93
"246","United Kingdom, England","Non-sentinel","2021-43",2021-10-25,176,176,0,0,1,99,76
"247","United Kingdom, England","Non-sentinel","2021-44",2021-11-01,97,97,0,0,0,61,36
"248","United Kingdom, England","Non-sentinel","2021-45",2021-11-08,108,108,0,0,0,57,51
"249","United Kingdom, England","Non-sentinel","2021-46",2021-11-15,128,128,0,0,0,74,54
"250","United Kingdom, England","Non-sentinel","2021-47",2021-11-22,130,130,0,0,0,81,49
"251","United Kingdom, England","Non-sentinel","2021-48",2021-11-29,144,144,0,0,0,99,45
"252","United Kingdom, England","Non-sentinel","2021-49",2021-12-06,153,153,0,0,0,124,29
"253","United Kingdom, England","Non-sentinel","2021-50",2021-12-13,177,177,0,0,0,140,37
"254","United Kingdom, England","Non-sentinel","2021-51",2021-12-20,156,156,0,0,0,134,22
"255","United Kingdom, England","Non-sentinel","2021-52",2021-12-27,133,133,0,0,0,119,14
"256","United Kingdom, England","Non-sentinel","2022-01",2022-01-03,104,104,0,0,0,89,15
"257","United Kingdom, England","Non-sentinel","2022-02",2022-01-10,103,103,0,0,0,64,39
"258","United Kingdom, England","Non-sentinel","2022-03",2022-01-17,71,71,0,0,0,51,20
"259","United Kingdom, England","Non-sentinel","2022-04",2022-01-24,76,76,0,0,0,51,25
"260","United Kingdom, England","Non-sentinel","2022-05",2022-01-31,66,66,0,0,0,57,9
"261","United Kingdom, England","Non-sentinel","2022-06",2022-02-07,74,74,0,0,0,63,11
"262","United Kingdom, England","Non-sentinel","2022-07",2022-02-14,109,109,0,0,0,101,8
"263","United Kingdom, England","Non-sentinel","2022-08",2022-02-21,132,132,0,0,0,127,5
"264","United Kingdom, England","Non-sentinel","2022-09",2022-02-28,162,162,0,0,0,156,6
"265","United Kingdom, England","Non-sentinel","2022-10",2022-03-07,302,302,0,0,0,292,10
"266","United Kingdom, England","Non-sentinel","2022-11",2022-03-14,430,430,0,0,3,422,5
"267","United Kingdom, England","Non-sentinel","2022-12",2022-03-21,588,588,0,0,2,579,7
"268","United Kingdom, England","Non-sentinel","2022-13",2022-03-28,712,712,0,0,0,702,10
"269","United Kingdom, England","Non-sentinel","2022-14",2022-04-04,771,771,0,1,4,732,34
"270","United Kingdom, England","Non-sentinel","2022-15",2022-04-11,892,892,0,1,0,875,16
"271","United Kingdom, England","Non-sentinel","2022-16",2022-04-18,593,593,0,1,1,581,10
"272","United Kingdom, England","Non-sentinel","2022-17",2022-04-25,474,474,0,0,0,455,19
"273","United Kingdom, England","Non-sentinel","2022-18",2022-05-02,413,413,0,0,0,399,14
"274","United Kingdom, England","Non-sentinel","2022-19",2022-05-09,368,368,0,0,0,335,33
"275","United Kingdom, England","Non-sentinel","2022-20",2022-05-16,291,291,0,0,1,268,22
"276","United Kingdom, England","Non-sentinel","2022-21",2022-05-23,155,155,0,3,1,138,13
"277","United Kingdom, England","Non-sentinel","2022-22",2022-05-30,129,129,0,NA,NA,115,14
"278","United Kingdom, England","Non-sentinel","2022-23",2022-06-06,144,144,0,NA,1,121,22
"279","United Kingdom, England","Non-sentinel","2022-24",2022-06-13,112,112,0,1,1,98,12
"280","United Kingdom, England","Non-sentinel","2022-25",2022-06-20,96,96,0,3,NA,80,13
"281","United Kingdom, England","Non-sentinel","2022-26",2022-06-27,89,89,0,2,NA,62,25
"282","United Kingdom, England","Non-sentinel","2022-27",2022-07-04,92,92,0,2,2,82,6
"283","United Kingdom, England","Non-sentinel","2022-28",2022-07-11,111,111,0,2,1,93,15
"284","United Kingdom, England","Non-sentinel","2022-29",2022-07-18,94,94,0,3,NA,81,10
"285","United Kingdom, England","Non-sentinel","2022-30",2022-07-25,92,92,0,3,NA,76,13
"286","United Kingdom, England","Non-sentinel","2022-31",2022-08-01,76,76,0,2,1,67,6
"287","United Kingdom, England","Non-sentinel","2022-32",2022-08-08,115,115,0,5,NA,97,13
"288","United Kingdom, England","Non-sentinel","2022-33",2022-08-15,95,95,0,NA,NA,83,12
"289","United Kingdom, England","Non-sentinel","2022-34",2022-08-22,117,117,0,4,NA,104,9
"290","United Kingdom, England","Non-sentinel","2022-35",2022-08-29,134,134,0,5,NA,120,9
"291","United Kingdom, England","Non-sentinel","2022-36",2022-09-05,166,166,0,3,NA,157,6
"292","United Kingdom, England","Non-sentinel","2022-37",2022-09-12,190,190,0,6,NA,173,11
"293","United Kingdom, England","Non-sentinel","2022-38",2022-09-19,1363,33,1330,11,22,NA,NA
"294","United Kingdom, England","Non-sentinel","2022-39",2022-09-26,344,344,0,9,2,294,39
"295","United Kingdom, England","Non-sentinel","2022-40",2022-10-03,496,496,0,21,2,433,40
"296","United Kingdom, England","Non-sentinel","2022-41",2022-10-10,646,646,0,20,4,562,60
"297","United Kingdom, England","Non-sentinel","2022-42",2022-10-17,1121,1121,0,16,4,1003,98
"298","United Kingdom, England","Non-sentinel","2022-43",2022-10-24,1102,1102,0,16,8,1005,73
"299","United Kingdom, England","Non-sentinel","2022-44",2022-10-31,1009,1009,0,26,3,918,62
"300","United Kingdom, England","Non-sentinel","2022-45",2022-11-07,1246,1246,0,35,10,1107,94
"301","United Kingdom, England","Non-sentinel","2022-46",2022-11-14,1549,1549,0,33,22,1415,79
"302","United Kingdom, England","Non-sentinel","2022-47",2022-11-21,2354,2354,0,47,63,2120,124
"303","United Kingdom, England","Non-sentinel","2022-48",2022-11-28,3743,3743,0,81,104,3403,155
"304","United Kingdom, England","Non-sentinel","2022-49",2022-12-05,5776,5776,0,100,107,5371,198
"305","United Kingdom, England","Non-sentinel","2022-50",2022-12-12,9962,9962,0,209,236,9221,296
"306","United Kingdom, England","Non-sentinel","2022-51",2022-12-19,14701,14701,0,399,293,13566,443
"307","United Kingdom, England","Non-sentinel","2022-52",2022-12-26,11367,11367,0,332,211,10344,480
"308","United Kingdom, England","Non-sentinel","2023-01",2023-01-02,6030,6030,0,181,119,5224,506
"309","United Kingdom, England","Non-sentinel","2023-02",2023-01-09,2607,2607,0,82,93,1939,493
"310","United Kingdom, England","Non-sentinel","2023-03",2023-01-16,1137,1137,0,20,13,724,380
"311","United Kingdom, England","Non-sentinel","2023-04",2023-01-23,946,946,0,12,4,500,430
"312","United Kingdom, England","Non-sentinel","2023-05",2023-01-30,875,875,0,13,5,390,467
"313","United Kingdom, England","Non-sentinel","2023-06",2023-02-06,756,756,0,14,8,274,460
"314","United Kingdom, England","Non-sentinel","2023-07",2023-02-13,756,756,0,7,2,233,514
"315","United Kingdom, England","Non-sentinel","2023-08",2023-02-20,1773,1773,0,6,6,1259,502
"316","United Kingdom, England","Non-sentinel","2023-09",2023-02-27,578,578,0,5,2,147,424
"317","United Kingdom, England","Non-sentinel","2023-10",2023-03-06,680,680,0,3,1,159,517
"318","United Kingdom, England","Non-sentinel","2023-11",2023-03-13,737,737,0,3,1,185,548
"319","United Kingdom, England","Non-sentinel","2023-12",2023-03-20,538,538,0,1,1,114,422
"320","United Kingdom, England","Non-sentinel","2023-13",2023-03-27,385,385,0,NA,3,63,319
"321","United Kingdom, England","Non-sentinel","2023-14",2023-04-03,305,305,0,2,1,50,252
"322","United Kingdom, England","Non-sentinel","2023-15",2023-04-10,239,239,0,2,1,45,191
"323","United Kingdom, England","Non-sentinel","2023-16",2023-04-17,184,184,0,1,NA,37,146
"324","United Kingdom, England","Non-sentinel","2023-17",2023-04-24,185,185,0,5,NA,50,130
"325","United Kingdom, England","Non-sentinel","2023-18",2023-05-01,145,145,0,2,NA,33,110
"326","United Kingdom, England","Non-sentinel","2023-19",2023-05-08,107,107,0,1,1,37,68
"327","United Kingdom, England","Non-sentinel","2023-20",2023-05-15,76,76,0,NA,NA,23,53
"328","United Kingdom, England","Non-sentinel","2023-21",2023-05-22,59,59,0,NA,NA,25,34
"329","United Kingdom, England","Non-sentinel","2023-22",2023-05-29,58,58,0,NA,1,39,18
"330","United Kingdom, England","Non-sentinel","2023-23",2023-06-05,56,56,0,1,NA,31,24
"331","United Kingdom, England","Non-sentinel","2023-24",2023-06-12,45,45,0,NA,NA,35,10
"332","United Kingdom, England","Non-sentinel","2023-25",2023-06-19,66,66,0,1,1,45,19
"333","United Kingdom, England","Non-sentinel","2023-26",2023-06-26,31,31,0,1,NA,21,9
"334","United Kingdom, England","Non-sentinel","2023-27",2023-07-03,54,54,0,1,NA,43,10
"335","United Kingdom, England","Non-sentinel","2023-28",2023-07-10,63,63,0,2,NA,46,15
"336","United Kingdom, England","Non-sentinel","2023-29",2023-07-17,57,57,0,2,1,43,11
"337","United Kingdom, England","Non-sentinel","2023-30",2023-07-24,45,45,0,NA,1,35,9
"338","United Kingdom, England","Non-sentinel","2023-31",2023-07-31,65,65,0,2,1,52,10
"339","United Kingdom, England","Non-sentinel","2023-32",2023-08-07,51,51,0,1,NA,35,15
"340","United Kingdom, England","Non-sentinel","2023-33",2023-08-14,55,55,0,1,1,46,7
"341","United Kingdom, England","Non-sentinel","2023-34",2023-08-21,52,52,0,NA,1,36,15
"342","United Kingdom, England","Non-sentinel","2023-35",2023-08-28,51,51,0,NA,1,43,7
"343","United Kingdom, England","Non-sentinel","2023-36",2023-09-04,85,85,0,3,1,63,18
"344","United Kingdom, England","Non-sentinel","2023-37",2023-09-11,87,87,0,2,3,65,17
"345","United Kingdom, England","Non-sentinel","2023-38",2023-09-18,118,118,0,5,4,93,16
"346","United Kingdom, England","Non-sentinel","2023-39",2023-09-25,97,97,0,1,2,84,10
"347","United Kingdom, England","Non-sentinel","2023-40",2023-10-02,116,116,0,2,1,79,34
"348","United Kingdom, England","Non-sentinel","2023-41",2023-10-09,152,152,0,1,5,97,49
"349","United Kingdom, England","Non-sentinel","2023-42",2023-10-16,157,157,0,3,2,108,44
"350","United Kingdom, England","Non-sentinel","2023-43",2023-10-23,178,178,0,4,9,127,38
"351","United Kingdom, England","Non-sentinel","2023-44",2023-10-30,262,262,0,3,7,196,56
"352","United Kingdom, England","Non-sentinel","2023-45",2023-11-06,301,301,0,4,14,223,60
"353","United Kingdom, England","Non-sentinel","2023-46",2023-11-13,350,350,0,8,10,280,52
"354","United Kingdom, England","Non-sentinel","2023-47",2023-11-20,416,416,0,29,24,318,45
"355","United Kingdom, England","Non-sentinel","2023-48",2023-11-27,581,581,0,21,30,494,36
"356","United Kingdom, England","Non-sentinel","2023-49",2023-12-04,1290,1290,0,72,38,1109,71
"357","United Kingdom, England","Non-sentinel","2023-50",2023-12-11,2225,2225,0,171,102,1876,76
"358","United Kingdom, England","Non-sentinel","2023-51",2023-12-18,3554,3554,0,263,297,2905,89
"359","United Kingdom, England","Non-sentinel","2023-52",2023-12-25,3267,3267,0,129,107,2932,99
"360","United Kingdom, England","Non-sentinel","2024-01",2024-01-01,4037,4037,0,272,154,3468,143
"361","United Kingdom, England","Non-sentinel","2024-02",2024-01-08,2417,2417,0,132,109,2092,84
"362","United Kingdom, England","Non-sentinel","2024-03",2024-01-15,4442,4442,0,122,58,4095,167
"363","United Kingdom, England","Non-sentinel","2024-04",2024-01-22,5607,5607,0,73,53,5273,208
"364","United Kingdom, England","Non-sentinel","2024-05",2024-01-29,5074,5074,0,70,30,4701,273
"365","United Kingdom, England","Non-sentinel","2024-06",2024-02-05,4647,4647,0,29,10,4268,340
"366","United Kingdom, England","Non-sentinel","2024-07",2024-02-12,3527,3527,0,32,15,3166,314
"367","United Kingdom, England","Non-sentinel","2024-08",2024-02-19,2604,2604,0,16,11,2249,328
"368","United Kingdom, England","Non-sentinel","2024-09",2024-02-26,2045,2045,0,14,14,1709,308
"369","United Kingdom, England","Non-sentinel","2024-10",2024-03-04,1904,1904,0,21,12,1521,350
"370","United Kingdom, England","Non-sentinel","2024-11",2024-03-11,2118,2118,0,12,7,1654,445
"371","United Kingdom, England","Non-sentinel","2024-12",2024-03-18,1620,1620,0,16,35,1132,437
"372","United Kingdom, England","Non-sentinel","2024-13",2024-03-25,1151,1151,0,12,20,801,318
"373","United Kingdom, England","Non-sentinel","2024-14",2024-04-01,1181,1181,0,11,14,763,393
"374","United Kingdom, England","Non-sentinel","2024-15",2024-04-08,738,738,0,5,9,478,246
"375","United Kingdom, England","Non-sentinel","2024-16",2024-04-15,455,455,0,19,19,291,126
"376","United Kingdom, England","Non-sentinel","2024-17",2024-04-22,520,520,0,23,22,276,199
"377","United Kingdom, England","Non-sentinel","2024-18",2024-04-29,548,548,0,17,17,294,220
"378","United Kingdom, England","Non-sentinel","2024-19",2024-05-06,422,422,0,23,8,215,176
"379","United Kingdom, England","Non-sentinel","2024-20",2024-05-13,339,339,0,18,18,164,139
"380","United Kingdom, England","Non-sentinel","2024-21",2024-05-20,205,205,0,3,5,121,76
"381","United Kingdom, England","Non-sentinel","2024-22",2024-05-27,160,160,0,2,3,104,51
"382","United Kingdom, England","Non-sentinel","2024-23",2024-06-03,211,211,0,12,4,117,78
"383","United Kingdom, England","Non-sentinel","2024-24",2024-06-10,177,177,0,7,7,104,59
"384","United Kingdom, England","Non-sentinel","2024-25",2024-06-17,192,192,0,7,4,124,57
"385","United Kingdom, England","Non-sentinel","2024-26",2024-06-24,275,275,0,NA,5,206,64
"386","United Kingdom, England","Non-sentinel","2024-27",2024-07-01,262,262,0,5,5,218,34
"387","United Kingdom, England","Non-sentinel","2024-28",2024-07-08,292,292,0,9,4,248,31
"388","United Kingdom, England","Non-sentinel","2024-29",2024-07-15,357,357,0,9,7,307,34
"389","United Kingdom, England","Non-sentinel","2024-30",2024-07-22,374,374,0,17,13,299,45
"390","United Kingdom, England","Non-sentinel","2024-31",2024-07-29,227,227,0,3,8,191,25
"391","United Kingdom, England","Non-sentinel","2024-32",2024-08-05,268,268,0,6,8,236,18
"392","United Kingdom, England","Non-sentinel","2024-33",2024-08-12,278,278,0,7,35,219,17
"393","United Kingdom, England","Non-sentinel","2024-34",2024-08-19,236,236,0,5,8,206,17
"394","United Kingdom, England","Non-sentinel","2024-35",2024-08-26,240,240,0,13,8,206,13
"395","United Kingdom, England","Non-sentinel","2024-36",2024-09-02,238,238,0,11,7,201,19
"396","United Kingdom, England","Non-sentinel","2024-37",2024-09-09,256,256,0,9,14,214,19
"397","United Kingdom, England","Non-sentinel","2024-38",2024-09-16,340,340,0,8,8,295,29
"398","United Kingdom, England","Non-sentinel","2024-39",2024-09-23,436,436,0,11,20,352,53
"399","United Kingdom, England","Non-sentinel","2024-40",2024-09-30,445,445,0,10,6,385,44
"400","United Kingdom, England","Non-sentinel","2024-41",2024-10-07,547,547,0,16,23,462,46
"401","United Kingdom, England","Non-sentinel","2024-42",2024-10-14,638,638,0,32,16,527,63
"402","United Kingdom, England","Non-sentinel","2024-43",2024-10-21,627,627,0,30,22,512,63
"403","United Kingdom, England","Non-sentinel","2024-44",2024-10-28,1495,1495,0,36,14,1322,123
"404","United Kingdom, England","Non-sentinel","2024-45",2024-11-04,775,775,0,44,14,657,60
"405","United Kingdom, England","Non-sentinel","2024-46",2024-11-11,1018,1018,0,35,5,886,92
"406","United Kingdom, England","Non-sentinel","2024-47",2024-11-18,1690,1690,0,80,14,1497,99
"407","United Kingdom, England","Non-sentinel","2024-48",2024-11-25,2931,2931,0,112,10,2679,130
"408","United Kingdom, England","Non-sentinel","2024-49",2024-12-02,4944,4944,0,157,15,4567,205
"409","United Kingdom, England","Non-sentinel","2024-50",2024-12-09,6953,6953,0,192,14,6449,298
"410","United Kingdom, England","Non-sentinel","2024-51",2024-12-16,10012,10012,0,197,12,9348,455
"411","United Kingdom, England","Non-sentinel","2024-52",2024-12-23,10606,10606,0,79,1,10037,489
"412","United Kingdom, England","Non-sentinel","2025-01",2024-12-30,10793,10793,0,62,2,10047,682
"413","United Kingdom, England","Non-sentinel","2025-02",2025-01-06,8686,8686,0,129,8,7707,842
"414","United Kingdom, England","Non-sentinel","2025-03",2025-01-13,6496,6496,0,109,10,5438,939
"415","United Kingdom, England","Non-sentinel","2025-04",2025-01-20,5717,5717,0,90,8,4339,1280
"416","United Kingdom, England","Non-sentinel","2025-05",2025-01-27,5048,5048,0,90,10,3388,1560
"417","United Kingdom, England","Non-sentinel","2025-06",2025-02-03,4267,4267,0,51,15,2428,1773
"418","United Kingdom, England","Non-sentinel","2025-07",2025-02-10,3748,3748,0,31,6,1919,1792
"419","United Kingdom, England","Non-sentinel","2025-08",2025-02-17,3636,3636,0,41,10,1848,1737
"420","United Kingdom, England","Non-sentinel","2025-09",2025-02-24,3156,3156,0,57,19,1490,1590
"421","United Kingdom, England","Non-sentinel","2025-10",2025-03-03,2783,2783,0,24,16,1386,1357
"422","United Kingdom, England","Non-sentinel","2025-11",2025-03-10,2332,2332,0,25,20,1140,1147
"423","United Kingdom, England","Non-sentinel","2025-12",2025-03-17,2133,2133,0,16,8,1168,941
"424","United Kingdom, England","Non-sentinel","2025-13",2025-03-24,2044,2044,0,16,14,1077,937
"425","United Kingdom, England","Non-sentinel","2025-14",2025-03-31,1592,1592,0,8,5,869,710
"426","United Kingdom, England","Non-sentinel","2025-15",2025-04-07,1307,1307,0,7,5,754,541
"427","United Kingdom, England","Non-sentinel","2025-16",2025-04-14,982,982,0,9,4,619,350
"428","United Kingdom, England","Non-sentinel","2025-17",2025-04-21,829,829,0,19,3,556,251
"429","United Kingdom, England","Non-sentinel","2025-18",2025-04-28,602,602,0,6,5,450,141
"430","United Kingdom, England","Non-sentinel","2025-19",2025-05-05,385,385,0,1,1,305,78
"431","United Kingdom, England","Non-sentinel","2025-20",2025-05-12,352,352,0,2,NA,290,60
"432","United Kingdom, England","Non-sentinel","2025-21",2025-05-19,307,307,0,NA,NA,256,51
"433","United Kingdom, England","Non-sentinel","2025-22",2025-05-26,252,252,0,1,1,218,32
"434","United Kingdom, England","Non-sentinel","2025-23",2025-06-02,162,162,0,1,1,136,24
"435","United Kingdom, England","Non-sentinel","2025-24",2025-06-09,241,241,0,1,NA,229,11
"436","United Kingdom, England","Non-sentinel","2025-25",2025-06-16,192,192,0,1,NA,171,20
"437","United Kingdom, England","Non-sentinel","2025-26",2025-06-23,195,195,0,NA,NA,179,16
"438","United Kingdom, England","Non-sentinel","2025-27",2025-06-30,153,153,0,1,NA,137,15
"439","United Kingdom, England","Non-sentinel","2025-28",2025-07-07,162,162,0,3,NA,141,18
"440","United Kingdom, England","Non-sentinel","2025-29",2025-07-14,111,111,0,7,NA,93,11
"441","United Kingdom, England","Non-sentinel","2025-30",2025-07-21,91,91,0,NA,1,79,11
"442","United Kingdom, England","Non-sentinel","2025-31",2025-07-28,205,205,0,1,5,179,20
"443","United Kingdom, England","Non-sentinel","2025-32",2025-08-04,117,117,0,1,4,97,15
"444","United Kingdom, England","Non-sentinel","2025-33",2025-08-11,118,118,0,NA,NA,107,11
"445","United Kingdom, England","Non-sentinel","2025-34",2025-08-18,148,148,0,3,2,126,17
"446","United Kingdom, England","Non-sentinel","2025-35",2025-08-25,141,141,0,1,1,134,5
"447","United Kingdom, England","Non-sentinel","2025-36",2025-09-01,186,186,0,2,3,162,19
"448","United Kingdom, England","Non-sentinel","2025-37",2025-09-08,164,164,0,4,1,150,9
"449","United Kingdom, England","Non-sentinel","2025-38",2025-09-15,242,242,0,NA,NA,227,15
"450","United Kingdom, England","Non-sentinel","2025-39",2025-09-22,446,446,0,1,NA,408,37
"451","United Kingdom, England","Non-sentinel","2025-40",2025-09-29,752,752,0,3,8,708,33
"452","United Kingdom, England","Non-sentinel","2025-41",2025-10-06,1198,1198,0,4,40,1120,34
"453","United Kingdom, England","Non-sentinel","2025-42",2025-10-13,1567,1567,0,2,28,1498,39
"454","United Kingdom, England","Non-sentinel","2025-43",2025-10-20,2180,2180,0,35,69,2032,44
"455","United Kingdom, England","Non-sentinel","2025-44",2025-10-27,2937,2937,0,19,98,2788,32
"456","United Kingdom, England","Non-sentinel","2025-45",2025-11-03,3378,3378,0,12,110,3224,32
"457","United Kingdom, England","Non-sentinel","2025-46",2025-11-10,2913,2913,0,6,64,2811,32
"458","United Kingdom, England","Non-sentinel","2025-47",2025-11-17,3176,3176,0,12,88,3023,53
"459","United Kingdom, England","Non-sentinel","2025-48",2025-11-24,5695,5695,0,15,49,5575,56
"460","United Kingdom, England","Non-sentinel","2025-49",2025-12-01,7512,7512,0,2,62,7409,39
"461","United Kingdom, England","Non-sentinel","2025-50",2025-12-08,7761,7761,0,NA,NA,7701,60
"462","United Kingdom, England","Not defined","2011-01",2011-01-03,1990,1990,0,215,3,1140,632
"463","United Kingdom, England","Not defined","2011-02",2011-01-10,1510,1510,0,155,6,784,565
"464","United Kingdom, England","Not defined","2011-03",2011-01-17,783,783,0,55,2,394,332
"465","United Kingdom, England","Not defined","2011-04",2011-01-24,400,400,0,41,1,152,206
"466","United Kingdom, England","Not defined","2011-05",2011-01-31,229,229,0,17,4,90,118
"467","United Kingdom, England","Not defined","2011-06",2011-02-07,151,151,0,5,1,53,92
"468","United Kingdom, England","Not defined","2011-07",2011-02-14,149,149,0,2,0,77,70
"469","United Kingdom, England","Not defined","2011-08",2011-02-21,83,83,0,7,2,42,32
"470","United Kingdom, England","Not defined","2011-09",2011-02-28,51,35,16,2,3,7,23
"471","United Kingdom, England","Not defined","2011-10",2011-03-07,27,18,9,1,1,5,11
"472","United Kingdom, England","Not defined","2011-11",2011-03-14,29,29,0,1,0,16,12
"473","United Kingdom, England","Not defined","2011-12",2011-03-21,33,16,17,0,0,12,4
"474","United Kingdom, England","Not defined","2011-13",2011-03-28,32,13,19,0,0,6,7
"475","United Kingdom, England","Not defined","2011-14",2011-04-04,25,8,17,1,0,4,3
"476","United Kingdom, England","Not defined","2011-15",2011-04-11,12,7,5,0,0,4,3
"477","United Kingdom, England","Not defined","2011-16",2011-04-18,7,7,0,0,0,5,2
"478","United Kingdom, England","Not defined","2011-17",2011-04-25,6,6,0,0,0,3,3
"479","United Kingdom, England","Not defined","2011-18",2011-05-02,9,7,2,0,0,3,4
"480","United Kingdom, England","Not defined","2011-19",2011-05-09,7,1,6,0,0,1,0
"481","United Kingdom, England","Not defined","2011-20",2011-05-16,6,5,1,0,0,5,0
"482","United Kingdom, England","Not defined","2011-21",2011-05-23,6,3,3,0,0,3,0
"483","United Kingdom, England","Not defined","2011-22",2011-05-30,7,3,4,0,0,0,3
"484","United Kingdom, England","Not defined","2011-23",2011-06-06,8,1,7,0,0,0,1
"485","United Kingdom, England","Not defined","2011-24",2011-06-13,10,2,8,1,1,0,0
"486","United Kingdom, England","Not defined","2011-25",2011-06-20,9,1,8,1,0,0,0
"487","United Kingdom, England","Not defined","2011-26",2011-06-27,13,4,9,0,0,4,0
"488","United Kingdom, England","Not defined","2011-27",2011-07-04,8,6,2,0,0,6,0
"489","United Kingdom, England","Not defined","2011-28",2011-07-11,7,3,4,0,0,2,1
"490","United Kingdom, England","Not defined","2011-29",2011-07-18,10,2,8,0,2,0,0
"491","United Kingdom, England","Not defined","2011-30",2011-07-25,5,2,3,1,0,1,0
"492","United Kingdom, England","Not defined","2011-31",2011-08-01,3,1,2,0,0,1,0
"493","United Kingdom, England","Not defined","2011-32",2011-08-08,8,2,6,0,0,2,0
"494","United Kingdom, England","Not defined","2011-33",2011-08-15,6,2,4,0,1,0,1
"495","United Kingdom, England","Not defined","2011-34",2011-08-22,2,1,1,0,0,1,0
"496","United Kingdom, England","Not defined","2011-35",2011-08-29,7,2,5,0,0,2,0
"497","United Kingdom, England","Not defined","2011-36",2011-09-05,7,0,7,0,0,0,0
"498","United Kingdom, England","Not defined","2011-37",2011-09-12,5,2,3,0,1,1,0
"499","United Kingdom, England","Not defined","2011-38",2011-09-19,6,1,5,0,0,1,0
"500","United Kingdom, England","Not defined","2011-39",2011-09-26,14,0,14,0,0,0,0
"501","United Kingdom, England","Not defined","2011-40",2011-10-03,36,6,30,0,1,3,2
"502","United Kingdom, England","Not defined","2011-41",2011-10-10,49,2,47,0,0,2,0
"503","United Kingdom, England","Not defined","2011-42",2011-10-17,57,6,51,1,3,2,0
"504","United Kingdom, England","Not defined","2011-43",2011-10-24,48,5,43,1,2,2,0
"505","United Kingdom, England","Not defined","2011-44",2011-10-31,68,2,66,0,0,2,0
"506","United Kingdom, England","Not defined","2011-45",2011-11-07,72,3,69,0,1,2,0
"507","United Kingdom, England","Not defined","2011-46",2011-11-14,84,7,77,0,0,4,3
"508","United Kingdom, England","Not defined","2011-47",2011-11-21,92,8,84,0,2,4,2
"509","United Kingdom, England","Not defined","2011-48",2011-11-28,84,3,81,0,2,0,1
"510","United Kingdom, England","Not defined","2011-49",2011-12-05,80,8,72,1,4,3,0
"511","United Kingdom, England","Not defined","2011-50",2011-12-12,106,8,98,0,1,6,1
"512","United Kingdom, England","Not defined","2011-51",2011-12-19,120,30,90,0,9,20,1
"513","United Kingdom, England","Not defined","2011-52",2011-12-26,48,33,15,0,6,27,0
"514","United Kingdom, England","Not defined","2012-01",2012-01-02,88,71,17,0,15,50,6
"515","United Kingdom, England","Not defined","2012-02",2012-01-09,124,25,99,0,11,14,0
"516","United Kingdom, England","Not defined","2012-03",2012-01-16,74,63,11,0,23,39,1
"517","United Kingdom, England","Not defined","2012-04",2012-01-23,76,67,9,0,31,35,1
"518","United Kingdom, England","Not defined","2012-05",2012-01-30,94,91,3,1,33,51,6
"519","United Kingdom, England","Not defined","2012-06",2012-02-06,91,91,0,0,47,42,2
"520","United Kingdom, England","Not defined","2012-07",2012-02-13,142,142,0,0,67,73,2
"521","United Kingdom, England","Not defined","2012-08",2012-02-20,262,262,0,0,81,170,11
"522","United Kingdom, England","Not defined","2012-09",2012-02-27,226,226,0,0,68,150,8
"523","United Kingdom, England","Not defined","2012-10",2012-03-05,191,191,0,1,68,101,21
"524","United Kingdom, England","Not defined","2012-11",2012-03-12,175,175,0,0,39,119,17
"525","United Kingdom, England","Not defined","2012-12",2012-03-19,162,162,0,0,73,75,14
"526","United Kingdom, England","Not defined","2012-13",2012-03-26,275,275,0,1,43,199,32
"527","United Kingdom, England","Not defined","2012-14",2012-04-02,61,61,0,0,16,39,6
"528","United Kingdom, England","Not defined","2012-15",2012-04-09,66,66,0,0,10,44,12
"529","United Kingdom, England","Not defined","2012-16",2012-04-16,67,67,0,0,17,27,23
"530","United Kingdom, England","Not defined","2012-17",2012-04-23,58,58,0,1,15,32,10
"531","United Kingdom, England","Not defined","2012-18",2012-04-30,27,27,0,0,3,12,12
"532","United Kingdom, England","Not defined","2012-19",2012-05-07,24,24,0,0,11,7,6
"533","United Kingdom, England","Not defined","2012-20",2012-05-14,21,14,7,0,1,7,6
"534","United Kingdom, England","Not defined","2012-21",2012-05-21,17,15,2,0,1,4,10
"535","United Kingdom, England","Not defined","2012-22",2012-05-28,17,17,0,1,1,4,11
"536","United Kingdom, England","Not defined","2012-23",2012-06-04,19,19,0,0,1,10,8
"537","United Kingdom, England","Not defined","2012-24",2012-06-11,30,30,0,0,0,9,21
"538","United Kingdom, England","Not defined","2012-25",2012-06-18,5,5,0,0,1,1,3
"539","United Kingdom, England","Not defined","2012-26",2012-06-25,4,4,0,0,0,1,3
"540","United Kingdom, England","Not defined","2012-27",2012-07-02,5,5,0,0,0,4,1
"541","United Kingdom, England","Not defined","2012-28",2012-07-09,9,7,2,0,0,3,4
"542","United Kingdom, England","Not defined","2012-29",2012-07-16,4,3,1,0,0,1,2
"543","United Kingdom, England","Not defined","2012-30",2012-07-23,2,2,0,0,0,2,0
"544","United Kingdom, England","Not defined","2012-31",2012-07-30,6,6,0,0,0,2,4
"545","United Kingdom, England","Not defined","2012-32",2012-08-06,10,10,0,0,0,4,6
"546","United Kingdom, England","Not defined","2012-33",2012-08-13,4,1,3,0,0,1,0
"547","United Kingdom, England","Not defined","2012-34",2012-08-20,4,4,0,0,2,2,0
"548","United Kingdom, England","Not defined","2012-35",2012-08-27,1,1,0,0,0,0,1
"549","United Kingdom, England","Not defined","2012-36",2012-09-03,5,5,0,0,0,2,3
"550","United Kingdom, England","Not defined","2012-37",2012-09-10,4,4,0,0,0,1,3
"551","United Kingdom, England","Not defined","2012-38",2012-09-17,9,9,0,0,0,3,6
"552","United Kingdom, England","Not defined","2012-39",2012-09-24,7,7,0,0,0,5,2
"553","United Kingdom, England","Not defined","2012-40",2012-10-01,3,3,0,0,0,1,2
"554","United Kingdom, England","Not defined","2012-41",2012-10-08,13,5,8,0,0,4,1
"555","United Kingdom, England","Not defined","2012-42",2012-10-15,9,2,7,0,0,1,1
"556","United Kingdom, England","Not defined","2012-43",2012-10-22,16,9,7,2,2,3,2
"557","United Kingdom, England","Not defined","2012-44",2012-10-29,33,18,15,0,6,4,8
"558","United Kingdom, England","Not defined","2012-45",2012-11-05,46,17,29,0,7,6,4
"559","United Kingdom, England","Not defined","2012-46",2012-11-12,71,23,48,2,5,9,7
"560","United Kingdom, England","Not defined","2012-47",2012-11-19,69,26,43,1,3,8,14
"561","United Kingdom, England","Not defined","2012-48",2012-11-26,69,31,38,1,1,5,24
"562","United Kingdom, England","Not defined","2012-49",2012-12-03,90,56,34,0,11,9,36
"563","United Kingdom, England","Not defined","2012-50",2012-12-10,133,95,38,3,5,10,77
"564","United Kingdom, England","Not defined","2012-51",2012-12-17,222,222,0,3,12,40,167
"565","United Kingdom, England","Not defined","2012-52",2012-12-24,161,161,0,5,16,20,120
"566","United Kingdom, England","Not defined","2013-01",2012-12-31,257,257,0,7,14,40,196
"567","United Kingdom, England","Not defined","2013-02",2013-01-07,325,325,0,18,34,53,220
"568","United Kingdom, England","Not defined","2013-03",2013-01-14,160,160,0,9,23,35,93
"569","United Kingdom, England","Not defined","2013-04",2013-01-21,181,181,0,8,18,49,106
"570","United Kingdom, England","Not defined","2013-05",2013-01-28,243,243,0,14,53,61,115
"571","United Kingdom, England","Not defined","2013-06",2013-02-04,342,342,0,8,44,155,135
"572","United Kingdom, England","Not defined","2013-07",2013-02-11,287,287,0,16,31,123,117
"573","United Kingdom, England","Not defined","2013-08",2013-02-18,324,324,0,22,57,139,106
"574","United Kingdom, England","Not defined","2013-09",2013-02-25,225,225,0,9,31,122,63
"575","United Kingdom, England","Not defined","2013-10",2013-03-04,348,348,0,17,20,224,87
"576","United Kingdom, England","Not defined","2013-11",2013-03-11,277,277,0,14,20,182,61
"577","United Kingdom, England","Not defined","2013-12",2013-03-18,186,186,0,12,25,117,32
"578","United Kingdom, England","Not defined","2013-13",2013-03-25,193,193,0,9,21,142,21
"579","United Kingdom, England","Not defined","2013-14",2013-04-01,119,119,0,6,10,82,21
"580","United Kingdom, England","Not defined","2013-15",2013-04-08,166,166,0,6,20,109,31
"581","United Kingdom, England","Not defined","2013-16",2013-04-15,183,183,0,6,15,128,34
"582","United Kingdom, England","Not defined","2013-17",2013-04-22,73,73,0,4,5,46,18
"583","United Kingdom, England","Not defined","2013-18",2013-04-29,41,41,0,2,1,28,10
"584","United Kingdom, England","Not defined","2013-19",2013-05-06,25,25,0,0,0,23,2
"585","United Kingdom, England","Not defined","2013-20",2013-05-13,15,15,0,0,1,8,6
"586","United Kingdom, England","Not defined","2013-21",2013-05-20,15,15,0,1,0,12,2
"587","United Kingdom, England","Not defined","2013-22",2013-05-27,20,20,0,0,6,8,6
"588","United Kingdom, England","Not defined","2013-23",2013-06-03,5,4,1,0,2,2,0
"589","United Kingdom, England","Not defined","2013-24",2013-06-10,7,2,5,0,1,1,0
"590","United Kingdom, England","Not defined","2013-25",2013-06-17,5,2,3,1,0,1,0
"591","United Kingdom, England","Not defined","2013-26",2013-06-24,2,1,1,0,0,1,0
"592","United Kingdom, England","Not defined","2013-27",2013-07-01,8,8,0,0,0,8,0
"593","United Kingdom, England","Not defined","2013-28",2013-07-08,3,2,1,0,0,0,2
"594","United Kingdom, England","Not defined","2013-29",2013-07-15,2,2,0,0,0,2,0
"595","United Kingdom, England","Not defined","2013-30",2013-07-22,4,4,0,0,1,2,1
"596","United Kingdom, England","Not defined","2013-31",2013-07-29,2,2,0,0,0,2,0
"597","United Kingdom, England","Not defined","2013-32",2013-08-05,1,0,1,0,0,0,0
"598","United Kingdom, England","Not defined","2013-33",2013-08-12,5,4,1,0,0,2,2
"599","United Kingdom, England","Not defined","2013-34",2013-08-19,30,2,28,0,0,2,0
"600","United Kingdom, England","Not defined","2013-35",2013-08-26,2,2,0,0,0,1,1
"601","United Kingdom, England","Not defined","2013-36",2013-09-02,3,3,0,0,0,3,0
"602","United Kingdom, England","Not defined","2014-22",2014-05-26,91,1,90,0,1,0,0
"603","United Kingdom, England","Not defined","2014-39",2014-09-22,7,5,2,0,0,3,2
"604","United Kingdom, England","Not defined","2015-23",2015-06-01,60,1,59,0,0,0,1
"605","United Kingdom, England","Not defined","2018-22",2018-05-28,186,0,186,0,0,0,0
"606","United Kingdom, England","Not defined","2018-25",2018-06-18,163,0,163,0,0,0,0
"607","United Kingdom, England","Sentinel","2013-40",2013-09-30,15,0,15,0,0,0,0
"608","United Kingdom, England","Sentinel","2013-41",2013-10-07,20,0,20,0,0,0,0
"609","United Kingdom, England","Sentinel","2013-42",2013-10-14,62,0,62,0,0,0,0
"610","United Kingdom, England","Sentinel","2013-43",2013-10-21,69,0,69,0,0,0,0
"611","United Kingdom, England","Sentinel","2013-44",2013-10-28,58,2,56,0,0,0,2
"612","United Kingdom, England","Sentinel","2013-45",2013-11-04,57,2,55,1,1,0,0
"613","United Kingdom, England","Sentinel","2013-46",2013-11-11,67,0,67,0,0,0,0
"614","United Kingdom, England","Sentinel","2013-47",2013-11-18,53,0,53,0,0,0,0
"615","United Kingdom, England","Sentinel","2013-48",2013-11-25,72,0,72,0,0,0,0
"616","United Kingdom, England","Sentinel","2013-49",2013-12-02,68,1,67,1,0,0,0
"617","United Kingdom, England","Sentinel","2013-50",2013-12-09,82,6,76,2,4,0,0
"618","United Kingdom, England","Sentinel","2013-51",2013-12-16,63,5,58,2,3,0,0
"619","United Kingdom, England","Sentinel","2013-52",2013-12-23,38,1,37,1,0,0,0
"620","United Kingdom, England","Sentinel","2014-01",2013-12-30,67,3,64,1,2,0,0
"621","United Kingdom, England","Sentinel","2014-02",2014-01-06,93,14,79,11,2,0,1
"622","United Kingdom, England","Sentinel","2014-03",2014-01-13,58,12,46,8,4,0,0
"623","United Kingdom, England","Sentinel","2014-04",2014-01-20,62,11,51,8,3,0,0
"624","United Kingdom, England","Sentinel","2014-05",2014-01-27,63,9,54,7,2,0,0
"625","United Kingdom, England","Sentinel","2014-06",2014-02-03,86,33,53,27,4,0,2
"626","United Kingdom, England","Sentinel","2014-07",2014-02-10,69,30,39,24,5,0,1
"627","United Kingdom, England","Sentinel","2014-08",2014-02-17,69,19,50,15,4,0,0
"628","United Kingdom, England","Sentinel","2014-09",2014-02-24,60,19,41,14,5,0,0
"629","United Kingdom, England","Sentinel","2014-10",2014-03-03,55,20,35,16,4,0,0
"630","United Kingdom, England","Sentinel","2014-11",2014-03-10,46,21,25,15,5,0,1
"631","United Kingdom, England","Sentinel","2014-12",2014-03-17,50,12,38,10,1,0,1
"632","United Kingdom, England","Sentinel","2014-13",2014-03-24,45,12,33,8,4,0,0
"633","United Kingdom, England","Sentinel","2014-14",2014-03-31,42,5,37,2,3,0,0
"634","United Kingdom, England","Sentinel","2014-15",2014-04-07,31,4,27,2,2,0,0
"635","United Kingdom, England","Sentinel","2014-16",2014-04-14,15,3,12,2,0,0,1
"636","United Kingdom, England","Sentinel","2014-17",2014-04-21,6,0,6,0,0,0,0
"637","United Kingdom, England","Sentinel","2014-18",2014-04-28,14,0,14,0,0,0,0
"638","United Kingdom, England","Sentinel","2014-19",2014-05-05,7,0,7,0,0,0,0
"639","United Kingdom, England","Sentinel","2014-20",2014-05-12,0,0,0,0,0,0,0
"640","United Kingdom, England","Sentinel","2014-40",2014-09-29,7,0,7,0,0,0,0
"641","United Kingdom, England","Sentinel","2014-41",2014-10-06,17,0,17,0,0,0,0
"642","United Kingdom, England","Sentinel","2014-42",2014-10-13,30,2,28,0,1,0,1
"643","United Kingdom, England","Sentinel","2014-43",2014-10-20,15,0,15,0,0,0,0
"644","United Kingdom, England","Sentinel","2014-44",2014-10-27,33,1,32,0,1,0,0
"645","United Kingdom, England","Sentinel","2014-45",2014-11-03,53,0,53,0,0,0,0
"646","United Kingdom, England","Sentinel","2014-46",2014-11-10,43,3,40,0,2,0,1
"647","United Kingdom, England","Sentinel","2014-47",2014-11-17,24,1,23,0,1,0,0
"648","United Kingdom, England","Sentinel","2014-48",2014-11-24,49,2,47,0,2,0,0
"649","United Kingdom, England","Sentinel","2014-49",2014-12-01,43,3,40,0,2,0,1
"650","United Kingdom, England","Sentinel","2014-50",2014-12-08,57,16,41,0,16,0,0
"651","United Kingdom, England","Sentinel","2015-40",2015-09-28,6,0,6,0,0,0,0
"652","United Kingdom, England","Sentinel","2015-41",2015-10-05,3,0,3,0,0,0,0
"653","United Kingdom, England","Sentinel","2015-42",2015-10-12,28,0,28,0,0,0,0
"654","United Kingdom, England","Sentinel","2015-43",2015-10-19,48,1,47,1,0,0,0
"655","United Kingdom, England","Sentinel","2015-44",2015-10-26,32,0,32,0,0,0,0
"656","United Kingdom, England","Sentinel","2015-45",2015-11-02,40,0,40,0,0,0,0
"657","United Kingdom, England","Sentinel","2015-46",2015-11-09,69,1,68,0,0,0,1
"658","United Kingdom, England","Sentinel","2015-47",2015-11-16,70,4,66,3,1,0,0
"659","United Kingdom, England","Sentinel","2015-48",2015-11-23,66,1,65,0,0,0,1
"660","United Kingdom, England","Sentinel","2015-49",2015-11-30,77,3,74,2,1,0,0
"661","United Kingdom, England","Sentinel","2015-50",2015-12-07,80,3,77,3,0,0,0
"662","United Kingdom, England","Sentinel","2015-51",2015-12-14,103,13,90,12,1,0,0
"663","United Kingdom, England","Sentinel","2015-52",2015-12-21,79,10,69,9,0,0,1
"664","United Kingdom, England","Sentinel","2015-53",2015-12-28,51,14,37,13,0,0,1
"665","United Kingdom, England","Sentinel","2016-01",2016-01-04,130,18,112,15,0,0,3
"666","United Kingdom, England","Sentinel","2016-02",2016-01-11,109,20,89,20,0,0,0
"667","United Kingdom, England","Sentinel","2016-03",2016-01-18,130,28,102,26,0,0,2
"668","United Kingdom, England","Sentinel","2016-04",2016-01-25,150,60,90,51,2,0,7
"669","United Kingdom, England","Sentinel","2016-05",2016-02-01,168,63,105,57,2,0,4
"670","United Kingdom, England","Sentinel","2016-06",2016-02-08,164,59,105,44,3,0,12
"671","United Kingdom, England","Sentinel","2016-07",2016-02-15,126,47,79,40,0,0,7
"672","United Kingdom, England","Sentinel","2016-08",2016-02-22,154,68,86,58,0,0,10
"673","United Kingdom, England","Sentinel","2016-09",2016-02-29,168,64,104,45,2,0,17
"674","United Kingdom, England","Sentinel","2016-10",2016-03-07,152,76,76,50,1,0,25
"675","United Kingdom, England","Sentinel","2016-11",2016-03-14,171,101,70,55,1,0,45
"676","United Kingdom, England","Sentinel","2016-12",2016-03-21,112,57,55,29,1,0,27
"677","United Kingdom, England","Sentinel","2016-13",2016-03-28,100,53,47,24,4,0,25
"678","United Kingdom, England","Sentinel","2016-14",2016-04-04,81,28,53,15,0,0,13
"679","United Kingdom, England","Sentinel","2016-15",2016-04-11,70,16,54,2,2,0,12
"680","United Kingdom, England","Sentinel","2016-16",2016-04-18,47,10,37,3,2,0,5
"681","United Kingdom, England","Sentinel","2016-17",2016-04-25,30,5,25,0,3,0,2
"682","United Kingdom, England","Sentinel","2016-18",2016-05-02,13,2,11,1,0,0,1
"683","United Kingdom, England","Sentinel","2016-19",2016-05-09,13,4,9,0,0,0,4
"684","United Kingdom, England","Sentinel","2016-20",2016-05-16,5,1,4,0,0,0,1
"685","United Kingdom, England","Sentinel","2016-21",2016-05-23,8,0,8,0,0,0,0
"686","United Kingdom, England","Sentinel","2016-22",2016-05-30,1,0,1,0,0,0,0
"687","United Kingdom, England","Sentinel","2016-40",2016-10-03,39,0,39,0,0,0,0
"688","United Kingdom, England","Sentinel","2016-41",2016-10-10,64,0,64,0,0,0,0
"689","United Kingdom, England","Sentinel","2016-42",2016-10-17,67,0,67,0,0,0,0
"690","United Kingdom, England","Sentinel","2016-43",2016-10-24,67,1,66,0,1,0,0
"691","United Kingdom, England","Sentinel","2016-44",2016-10-31,68,0,68,0,0,0,0
"692","United Kingdom, England","Sentinel","2016-45",2016-11-07,65,2,63,0,2,0,0
"693","United Kingdom, England","Sentinel","2016-46",2016-11-14,73,4,69,1,3,0,0
"694","United Kingdom, England","Sentinel","2016-47",2016-11-21,82,4,78,0,3,0,1
"695","United Kingdom, England","Sentinel","2016-48",2016-11-28,78,2,76,0,2,0,0
"696","United Kingdom, England","Sentinel","2016-49",2016-12-05,99,12,87,0,12,0,0
"697","United Kingdom, England","Sentinel","2016-50",2016-12-12,136,39,97,0,37,0,2
"698","United Kingdom, England","Sentinel","2016-51",2016-12-19,148,40,108,0,40,0,0
"699","United Kingdom, England","Sentinel","2016-52",2016-12-26,60,25,35,0,25,0,0
"700","United Kingdom, England","Sentinel","2017-01",2017-01-02,99,42,57,0,42,0,0
"701","United Kingdom, England","Sentinel","2017-02",2017-01-09,145,52,93,0,52,0,0
"702","United Kingdom, England","Sentinel","2017-03",2017-01-16,126,47,79,0,47,0,0
"703","United Kingdom, England","Sentinel","2017-04",2017-01-23,106,34,72,0,34,0,0
"704","United Kingdom, England","Sentinel","2017-05",2017-01-30,108,42,66,0,42,0,0
"705","United Kingdom, England","Sentinel","2017-06",2017-02-06,82,23,59,0,23,0,0
"706","United Kingdom, England","Sentinel","2017-07",2017-02-13,60,21,39,0,21,0,0
"707","United Kingdom, England","Sentinel","2017-08",2017-02-20,51,12,39,0,11,0,1
"708","United Kingdom, England","Sentinel","2017-09",2017-02-27,28,8,20,0,8,0,0
"709","United Kingdom, England","Sentinel","2017-10",2017-03-06,42,4,38,0,4,0,0
"710","United Kingdom, England","Sentinel","2017-11",2017-03-13,41,3,38,0,3,0,0
"711","United Kingdom, England","Sentinel","2017-12",2017-03-20,39,3,36,0,3,0,0
"712","United Kingdom, England","Sentinel","2017-13",2017-03-27,11,0,11,0,0,0,0
"713","United Kingdom, England","Sentinel","2017-14",2017-04-03,3,0,3,0,0,0,0
"714","United Kingdom, England","Sentinel","2017-15",2017-04-10,3,0,3,0,0,0,0
"715","United Kingdom, England","Sentinel","2017-16",2017-04-17,3,0,3,0,0,0,0
"716","United Kingdom, England","Sentinel","2017-17",2017-04-24,0,0,0,0,0,0,0
"717","United Kingdom, England","Sentinel","2017-18",2017-05-01,2,0,2,0,0,0,0
"718","United Kingdom, England","Sentinel","2017-19",2017-05-08,1,0,1,0,0,0,0
"719","United Kingdom, England","Sentinel","2017-20",2017-05-15,0,0,0,0,0,0,0
"720","United Kingdom, England","Sentinel","2017-40",2017-10-02,3,0,3,0,0,0,0
"721","United Kingdom, England","Sentinel","2017-41",2017-10-09,42,0,42,0,0,0,0
"722","United Kingdom, England","Sentinel","2017-42",2017-10-16,87,1,86,0,1,0,0
"723","United Kingdom, England","Sentinel","2017-43",2017-10-23,68,1,67,0,1,0,0
"724","United Kingdom, England","Sentinel","2017-44",2017-10-30,65,0,65,0,0,0,0
"725","United Kingdom, England","Sentinel","2017-45",2017-11-06,67,6,61,1,1,0,4
"726","United Kingdom, England","Sentinel","2017-46",2017-11-13,63,3,60,1,1,0,1
"727","United Kingdom, England","Sentinel","2017-47",2017-11-20,70,6,64,1,1,0,4
"728","United Kingdom, England","Sentinel","2017-48",2017-11-27,73,5,68,1,0,0,4
"729","United Kingdom, England","Sentinel","2017-49",2017-12-04,76,9,67,0,2,0,7
"730","United Kingdom, England","Sentinel","2017-50",2017-12-11,95,14,81,1,2,0,11
"731","United Kingdom, England","Sentinel","2017-51",2017-12-18,128,48,80,1,11,0,36
"732","United Kingdom, England","Sentinel","2017-52",2017-12-25,97,42,55,4,14,0,24
"733","United Kingdom, England","Sentinel","2018-01",2018-01-01,194,67,127,5,9,0,53
"734","United Kingdom, England","Sentinel","2018-02",2018-01-08,239,98,141,5,17,0,76
"735","United Kingdom, England","Sentinel","2018-03",2018-01-15,230,105,125,13,17,0,75
"736","United Kingdom, England","Sentinel","2018-04",2018-01-22,223,106,117,17,22,0,67
"737","United Kingdom, England","Sentinel","2018-05",2018-01-29,156,80,76,4,13,0,63
"738","United Kingdom, England","Sentinel","2018-06",2018-02-05,111,50,61,6,13,0,31
"739","United Kingdom, England","Sentinel","2018-07",2018-02-12,126,63,63,7,20,0,36
"740","United Kingdom, England","Sentinel","2018-08",2018-02-19,106,52,54,8,11,0,33
"741","United Kingdom, England","Sentinel","2018-09",2018-02-26,50,24,26,4,8,0,12
"742","United Kingdom, England","Sentinel","2018-10",2018-03-05,56,26,30,1,10,0,15
"743","United Kingdom, England","Sentinel","2018-11",2018-03-12,69,39,30,2,21,0,16
"744","United Kingdom, England","Sentinel","2018-12",2018-03-19,38,15,23,4,6,0,5
"745","United Kingdom, England","Sentinel","2018-13",2018-03-26,28,13,15,2,8,0,3
"746","United Kingdom, England","Sentinel","2018-14",2018-04-02,9,3,6,0,2,0,1
"747","United Kingdom, England","Sentinel","2018-15",2018-04-09,13,4,9,1,1,0,2
"748","United Kingdom, England","Sentinel","2018-16",2018-04-16,6,1,5,1,0,0,0
"749","United Kingdom, England","Sentinel","2018-17",2018-04-23,1,0,1,0,0,0,0
"750","United Kingdom, England","Sentinel","2018-18",2018-04-30,0,0,0,0,0,0,0
"751","United Kingdom, England","Sentinel","2018-19",2018-05-07,1,0,1,0,0,0,0
"752","United Kingdom, England","Sentinel","2018-20",2018-05-14,2,0,2,0,0,0,0
"753","United Kingdom, England","Sentinel","2018-40",2018-10-01,0,0,0,0,0,0,0
"754","United Kingdom, England","Sentinel","2018-41",2018-10-08,18,0,18,0,0,0,0
"755","United Kingdom, England","Sentinel","2018-42",2018-10-15,29,0,29,0,0,0,0
"756","United Kingdom, England","Sentinel","2018-43",2018-10-22,43,4,39,4,0,0,0
"757","United Kingdom, England","Sentinel","2018-44",2018-10-29,35,2,33,2,0,0,0
"758","United Kingdom, England","Sentinel","2018-45",2018-11-05,48,1,47,1,0,0,0
"759","United Kingdom, England","Sentinel","2018-46",2018-11-12,57,3,54,1,2,0,0
"760","United Kingdom, England","Sentinel","2018-47",2018-11-19,83,1,82,0,1,0,0
"761","United Kingdom, England","Sentinel","2018-48",2018-11-26,85,6,79,4,2,0,0
"762","United Kingdom, England","Sentinel","2018-49",2018-12-03,61,4,57,3,0,0,1
"763","United Kingdom, England","Sentinel","2018-50",2018-12-10,64,3,61,2,0,0,1
"764","United Kingdom, England","Sentinel","2018-51",2018-12-17,92,10,82,7,3,0,0
"765","United Kingdom, England","Sentinel","2018-52",2018-12-24,45,11,34,10,1,0,0
"766","United Kingdom, England","Sentinel","2019-01",2018-12-31,64,19,45,17,2,0,0
"767","United Kingdom, England","Sentinel","2019-02",2019-01-07,125,36,89,28,8,0,0
"768","United Kingdom, England","Sentinel","2019-03",2019-01-14,125,56,69,51,5,0,0
"769","United Kingdom, England","Sentinel","2019-04",2019-01-21,115,58,57,46,12,0,0
"770","United Kingdom, England","Sentinel","2019-05",2019-01-28,160,84,76,72,12,0,0
"771","United Kingdom, England","Sentinel","2019-06",2019-02-04,174,99,75,78,21,0,0
"772","United Kingdom, England","Sentinel","2019-07",2019-02-11,177,84,93,56,28,0,0
"773","United Kingdom, England","Sentinel","2019-08",2019-02-18,95,40,55,30,9,0,1
"774","United Kingdom, England","Sentinel","2019-09",2019-02-25,68,19,49,10,9,0,0
"775","United Kingdom, England","Sentinel","2019-10",2019-03-04,55,16,39,7,9,0,0
"776","United Kingdom, England","Sentinel","2019-11",2019-03-11,36,8,28,5,3,0,0
"777","United Kingdom, England","Sentinel","2019-12",2019-03-18,32,6,26,3,3,0,0
"778","United Kingdom, England","Sentinel","2019-13",2019-03-25,28,7,21,0,7,0,0
"779","United Kingdom, England","Sentinel","2019-14",2019-04-01,15,5,10,1,4,0,0
"780","United Kingdom, England","Sentinel","2019-15",2019-04-08,1,0,1,0,0,0,0
"781","United Kingdom, England","Sentinel","2019-16",2019-04-15,7,0,7,0,0,0,0
"782","United Kingdom, England","Sentinel","2019-17",2019-04-22,6,0,6,0,0,0,0
"783","United Kingdom, England","Sentinel","2019-18",2019-04-29,7,0,7,0,0,0,0
"784","United Kingdom, England","Sentinel","2019-19",2019-05-06,0,0,0,0,0,0,0
"785","United Kingdom, England","Sentinel","2019-20",2019-05-13,1,0,1,0,0,0,0
"786","United Kingdom, England","Sentinel","2019-40",2019-09-30,0,0,0,0,0,0,0
"787","United Kingdom, England","Sentinel","2019-41",2019-10-07,79,2,77,2,0,0,0
"788","United Kingdom, England","Sentinel","2019-42",2019-10-14,118,4,114,0,4,0,0
"789","United Kingdom, England","Sentinel","2019-43",2019-10-21,241,10,231,2,8,0,0
"790","United Kingdom, England","Sentinel","2019-44",2019-10-28,267,9,258,0,9,0,0
"791","United Kingdom, England","Sentinel","2019-45",2019-11-04,138,10,128,1,9,0,0
"792","United Kingdom, England","Sentinel","2019-46",2019-11-11,138,14,124,2,11,0,1
"793","United Kingdom, England","Sentinel","2019-47",2019-11-18,151,36,115,2,32,0,2
"794","United Kingdom, England","Sentinel","2019-48",2019-11-25,161,25,136,0,25,0,0
"795","United Kingdom, England","Sentinel","2020-01",2019-12-30,201,80,121,10,68,0,2
"796","United Kingdom, England","Sentinel","2020-02",2020-01-06,204,50,154,6,42,0,2
"797","United Kingdom, England","Sentinel","2020-03",2020-01-13,139,25,114,10,14,0,1
"798","United Kingdom, England","Sentinel","2020-04",2020-01-20,89,16,73,8,4,0,4
"799","United Kingdom, England","Sentinel","2020-05",2020-01-27,143,19,124,7,6,0,6
"800","United Kingdom, England","Sentinel","2020-06",2020-02-03,157,28,129,7,8,0,13
"801","United Kingdom, England","Sentinel","2020-07",2020-02-10,133,22,111,6,5,0,11
"802","United Kingdom, England","Sentinel","2020-08",2020-02-17,81,5,76,1,3,0,1
"803","United Kingdom, England","Sentinel","2020-09",2020-02-24,113,13,100,7,0,0,6
"804","United Kingdom, England","Sentinel","2020-10",2020-03-02,245,21,224,11,2,0,8
"805","United Kingdom, England","Sentinel","2020-11",2020-03-09,351,23,328,7,4,0,12
"806","United Kingdom, England","Sentinel","2020-12",2020-03-16,253,10,243,4,0,0,6
"807","United Kingdom, England","Sentinel","2020-13",2020-03-23,214,2,212,1,0,0,1
"808","United Kingdom, England","Sentinel","2020-14",2020-03-30,143,1,142,1,0,0,0
"809","United Kingdom, England","Sentinel","2020-15",2020-04-06,0,0,0,0,0,0,0
"810","United Kingdom, England","Sentinel","2020-16",2020-04-13,0,0,0,0,0,0,0
"811","United Kingdom, England","Sentinel","2020-17",2020-04-20,0,0,0,0,0,0,0
"812","United Kingdom, England","Sentinel","2020-18",2020-04-27,0,0,0,0,0,0,0
"813","United Kingdom, England","Sentinel","2020-19",2020-05-04,0,0,0,0,0,0,0
"814","United Kingdom, England","Sentinel","2020-20",2020-05-11,0,0,0,0,0,0,0
"815","United Kingdom, England","Sentinel","2020-40",2020-09-28,217,0,217,0,0,0,0
"816","United Kingdom, England","Sentinel","2020-41",2020-10-05,221,0,221,0,0,0,0
"817","United Kingdom, England","Sentinel","2020-42",2020-10-12,248,0,248,0,0,0,0
"818","United Kingdom, England","Sentinel","2020-43",2020-10-19,276,0,276,0,0,0,0
"819","United Kingdom, England","Sentinel","2020-44",2020-10-26,272,0,272,0,0,0,0
"820","United Kingdom, England","Sentinel","2020-45",2020-11-02,295,0,295,0,0,0,0
"821","United Kingdom, England","Sentinel","2020-46",2020-11-09,338,0,338,0,0,0,0
"822","United Kingdom, England","Sentinel","2020-47",2020-11-16,382,0,382,0,0,0,0
"823","United Kingdom, England","Sentinel","2020-48",2020-11-23,246,0,246,0,0,0,0
"824","United Kingdom, England","Sentinel","2020-49",2020-11-30,203,0,203,0,0,0,0
"825","United Kingdom, England","Sentinel","2020-50",2020-12-07,267,0,267,0,0,0,0
"826","United Kingdom, England","Sentinel","2020-51",2020-12-14,290,0,290,0,0,0,0
"827","United Kingdom, England","Sentinel","2020-52",2020-12-21,156,0,156,0,0,0,0
"828","United Kingdom, England","Sentinel","2020-53",2020-12-28,96,0,96,0,0,0,0
"829","United Kingdom, England","Sentinel","2021-01",2021-01-04,296,0,296,0,0,0,0
"830","United Kingdom, England","Sentinel","2021-02",2021-01-11,409,0,409,0,0,0,0
"831","United Kingdom, England","Sentinel","2021-03",2021-01-18,320,0,320,0,0,0,0
"832","United Kingdom, England","Sentinel","2021-04",2021-01-25,219,0,219,0,0,0,0
"833","United Kingdom, England","Sentinel","2021-05",2021-02-01,219,0,219,0,0,0,0
"834","United Kingdom, England","Sentinel","2021-06",2021-02-08,169,0,169,0,0,0,0
"835","United Kingdom, England","Sentinel","2021-07",2021-02-15,151,0,151,0,0,0,0
"836","United Kingdom, England","Sentinel","2021-08",2021-02-22,163,0,163,0,0,0,0
"837","United Kingdom, England","Sentinel","2021-09",2021-03-01,146,0,146,0,0,0,0
"838","United Kingdom, England","Sentinel","2021-10",2021-03-08,92,0,92,0,0,0,0
"839","United Kingdom, England","Sentinel","2021-11",2021-03-15,84,0,84,0,0,0,0
"840","United Kingdom, England","Sentinel","2021-12",2021-03-22,84,0,84,0,0,0,0
"841","United Kingdom, England","Sentinel","2021-13",2021-03-29,67,0,67,0,0,0,0
"842","United Kingdom, England","Sentinel","2021-14",2021-04-05,43,0,43,0,0,0,0
"843","United Kingdom, England","Sentinel","2021-15",2021-04-12,70,0,70,0,0,0,0
"844","United Kingdom, England","Sentinel","2021-16",2021-04-19,48,0,48,0,0,0,0
"845","United Kingdom, England","Sentinel","2021-17",2021-04-26,51,0,51,0,0,0,0
"846","United Kingdom, England","Sentinel","2021-18",2021-05-03,39,0,39,0,0,0,0
"847","United Kingdom, England","Sentinel","2021-19",2021-05-10,51,0,51,0,0,0,0
"848","United Kingdom, England","Sentinel","2021-20",2021-05-17,58,0,58,0,0,0,0
"849","United Kingdom, England","Sentinel","2021-40",2021-10-04,86,1,85,0,1,0,0
"850","United Kingdom, England","Sentinel","2021-41",2021-10-11,120,0,120,0,0,0,0
"851","United Kingdom, England","Sentinel","2021-42",2021-10-18,84,0,84,0,0,0,0
"852","United Kingdom, England","Sentinel","2021-43",2021-10-25,82,2,80,0,2,0,0
"853","United Kingdom, England","Sentinel","2021-44",2021-11-01,66,0,66,0,0,0,0
"854","United Kingdom, England","Sentinel","2021-45",2021-11-08,87,1,86,1,0,0,0
"855","United Kingdom, England","Sentinel","2021-46",2021-11-15,75,1,74,0,0,0,1
"856","United Kingdom, England","Sentinel","2021-47",2021-11-22,129,1,128,0,1,0,0
"857","United Kingdom, England","Sentinel","2021-48",2021-11-29,95,0,95,0,0,0,0
"858","United Kingdom, England","Sentinel","2021-49",2021-12-06,129,1,128,0,0,0,1
"859","United Kingdom, England","Sentinel","2021-50",2021-12-13,86,1,85,0,1,0,0
"860","United Kingdom, England","Sentinel","2021-51",2021-12-20,68,0,68,0,0,0,0
"861","United Kingdom, England","Sentinel","2021-52",2021-12-27,39,0,39,0,0,0,0
"862","United Kingdom, England","Sentinel","2022-01",2022-01-03,50,0,50,0,0,0,0
"863","United Kingdom, England","Sentinel","2022-02",2022-01-10,96,0,96,0,0,0,0
"864","United Kingdom, England","Sentinel","2022-03",2022-01-17,79,0,79,0,0,0,0
"865","United Kingdom, England","Sentinel","2022-04",2022-01-24,59,0,59,0,0,0,0
"866","United Kingdom, England","Sentinel","2022-05",2022-01-31,76,2,74,0,2,0,0
"867","United Kingdom, England","Sentinel","2022-06",2022-02-07,64,0,64,0,0,0,0
"868","United Kingdom, England","Sentinel","2022-07",2022-02-14,36,0,36,0,0,0,0
"869","United Kingdom, England","Sentinel","2022-08",2022-02-21,70,1,69,0,1,0,0
"870","United Kingdom, England","Sentinel","2022-09",2022-02-28,55,0,55,0,0,0,0
"871","United Kingdom, England","Sentinel","2022-10",2022-03-07,62,4,58,0,4,0,0
"872","United Kingdom, England","Sentinel","2022-11",2022-03-14,87,4,83,0,4,0,0
"873","United Kingdom, England","Sentinel","2022-12",2022-03-21,107,8,99,1,7,0,0
"874","United Kingdom, England","Sentinel","2022-13",2022-03-28,103,5,98,1,3,0,1
"875","United Kingdom, England","Sentinel","2022-14",2022-04-04,99,5,94,0,5,0,0
"876","United Kingdom, England","Sentinel","2022-15",2022-04-11,57,4,53,0,4,0,0
"877","United Kingdom, England","Sentinel","2022-16",2022-04-18,53,5,48,0,5,0,0
"878","United Kingdom, England","Sentinel","2022-17",2022-04-25,35,2,33,0,2,0,0
"879","United Kingdom, England","Sentinel","2022-18",2022-05-02,25,4,21,0,4,0,0
"880","United Kingdom, England","Sentinel","2022-19",2022-05-09,46,2,44,0,2,0,0
"881","United Kingdom, England","Sentinel","2022-20",2022-05-16,45,3,42,1,2,0,0
"882","United Kingdom, England","Sentinel","2022-38",2022-09-19,1,1,0,1,0,0,NA
